,state,state_abbreviation,general_election_date,last_name__first,party,general_results,general_perc,winner_indicator,party2
0,Alabama,AL,11/6/2012,"Romney, Mitt",REP,1255925,0.605458223,Yes,Republican
1,Alabama,AL,11/6/2012,"Obama, Barack",DEM,795696,0.383590331,No,Democrat
2,Alabama,AL,11/6/2012,"Johnson, Gary",IND,12328,0.005943101,No,Other
3,Alabama,AL,11/6/2012,Scattered,W,4011,0.001933629,No,Other
4,Alabama,AL,11/6/2012,"Stein, Jill",IND,3397,0.001637631,No,Other
5,Alabama,AL,11/6/2012,"Goode, Virgil H., Jr.",IND,2981,0.001437085,No,Other
6,Alaska,AK,11/6/2012,"Romney, Mitt",REP,164676,0.548015774,Yes,Republican
7,Alaska,AK,11/6/2012,"Obama, Barack",DEM,122640,0.408126591,No,Democrat
8,Alaska,AK,11/6/2012,"Johnson, Gary",LIB,7392,0.024599411,No,Other
9,Alaska,AK,11/6/2012,"Stein, Jill",GRE,2917,0.009707316,No,Other
10,Alaska,AK,11/6/2012,Scattered,W,2870,0.009550908,No,Other
11,Arizona,AZ,11/6/2012,"Romney, Mitt",REP,1233654,0.536545332,Yes,Republican
12,Arizona,AZ,11/6/2012,"Obama, Barack",DEM,1025232,0.445897669,No,Democrat
13,Arizona,AZ,11/6/2012,"Johnson, Gary",LIB,32100,0.01396105,No,Other
14,Arizona,AZ,11/6/2012,"Stein, Jill",GRE,7816,0.003399363,No,Other
15,Arizona,AZ,11/6/2012,"Goode, Virgil",W,289,0.000125693,No,Other
16,Arizona,AZ,11/6/2012,"Anderson, Ross C. ""Rocky""",W,119,5.18E-05,No,Other
17,Arizona,AZ,11/6/2012,"Reed, Jill",W,17,7.39E-06,No,Other
18,Arizona,AZ,11/6/2012,"Christensen, Will",W,14,6.09E-06,No,Other
19,Arizona,AZ,11/6/2012,"Knill, Dennis",W,7,3.04E-06,No,Other
20,Arizona,AZ,11/6/2012,"Tittle, Sheila ""Samm""",W,6,2.61E-06,No,Other
21,Arkansas,AR,11/6/2012,"Romney, Mitt",REP,647744,0.605669361,Yes,Republican
22,Arkansas,AR,11/6/2012,"Obama, Barack",DEM,394409,0.368789903,No,Democrat
23,Arkansas,AR,11/6/2012,"Johnson, Gary",LIB,16276,0.015218782,No,Other
24,Arkansas,AR,11/6/2012,"Stein, Jill",GRE,9305,0.008700588,No,Other
25,Arkansas,AR,11/6/2012,"Lindsay, Peta",SLP,1734,0.001621367,No,Other
26,California,CA,11/6/2012,"Obama, Barack",DEM,7854285,0.602389591,Yes,Democrat
27,California,CA,11/6/2012,"Romney, Mitt",REP,4839958,0.371203785,No,Republican
28,California,CA,11/6/2012,"Johnson, Gary",LIB,143221,0.010984429,No,Other
29,California,CA,11/6/2012,"Stein, Jill",GRE,85638,0.006568063,No,Other
30,California,CA,11/6/2012,"Barr, Roseanne",PFP,53824,0.004128067,No,Other
31,California,CA,11/6/2012,"Hoefling, Thomas",AIP,38372,0.002942966,No,Other
32,California,CA,11/6/2012,"Paul, Ron",W,21461,0.001645966,No,Other
33,California,CA,11/6/2012,"Anderson, Ross C. ""Rocky""",W,992,7.61E-05,No,Other
34,California,CA,11/6/2012,"Goode, Virgil",W,503,3.86E-05,No,Other
35,California,CA,11/6/2012,"Alexander, Stewart",W,82,6.29E-06,No,Other
36,California,CA,11/6/2012,"White, Jerry",W,79,6.06E-06,No,Other
37,California,CA,11/6/2012,"Harris, James",W,72,5.52E-06,No,Other
38,California,CA,11/6/2012,"Durham, Stephen",W,54,4.14E-06,No,Other
39,California,CA,11/6/2012,"Tittle, Sheila ""Samm""",W,6,4.60E-07,No,Other
40,Colorado,CO,11/6/2012,"Obama, Barack",DEM,1323102,0.514921452,Yes,Democrat
41,Colorado,CO,11/6/2012,"Romney, Mitt",REP,1185243,0.461269839,No,Republican
42,Colorado,CO,11/6/2012,"Johnson, Gary",LIB,35545,0.013833312,No,Other
43,Colorado,CO,11/6/2012,"Stein, Jill",GRE,7508,0.002921944,No,Other
44,Colorado,CO,11/6/2012,"Goode, Virgil H., Jr.",AMC,6234,0.002426132,No,Other
45,Colorado,CO,11/6/2012,"Barr, Roseanne",PFP,5059,0.001968849,No,Other
46,Colorado,CO,11/6/2012,"Reed, Jill",UN,2589,0.00100758,No,Other
47,Colorado,CO,11/6/2012,"Anderson, Ross C. ""Rocky""",JUS,1260,0.000490364,No,Other
48,Colorado,CO,11/6/2012,"Tittle, Sheila 'Samm'",WTP,792,0.000308229,No,Other
49,Colorado,CO,11/6/2012,"Hoefling, Tom",AMP,679,0.000264251,No,Other
50,Colorado,CO,11/6/2012,"La Riva, Gloria",SLP,317,0.000123369,No,Other
51,Colorado,CO,11/6/2012,"Alexander, Stewart",SUS,308,0.000119867,No,Other
52,Colorado,CO,11/6/2012,"Miller, Merlin",ATP,266,0.000103521,No,Other
53,Colorado,CO,11/6/2012,"Stevens, Thomas Robert",OBJ,235,9.15E-05,No,Other
54,Colorado,CO,11/6/2012,"Harris, James",SWP,192,7.47E-05,No,Other
55,Colorado,CO,11/6/2012,"White, Jerry",SEP,189,7.36E-05,No,Other
56,Colorado,CO,11/6/2012,"Terry, Randall",W,4,1.56E-06,No,Other
57,Connecticut,CT,11/6/2012,"Obama, Barack",DEM,905083,0.580568456,Yes,Democrat
58,Connecticut,CT,11/6/2012,"Romney, Mitt",REP,634892,0.407253554,No,Republican
59,Connecticut,CT,11/6/2012,"Johnson, Gary",LIB,12580,0.008069482,No,Other
60,Connecticut,CT,11/6/2012,"Anderson, Ross C. ""Rocky""",IP,5487,0.003519654,No,Other
61,Connecticut,CT,11/6/2012,"Stein, Jill",W,863,0.000553574,No,Other
62,Connecticut,CT,11/6/2012,"Hoefling, Tom",W,25,1.60E-05,No,Other
63,Connecticut,CT,11/6/2012,"Warner, Gerald",W,19,1.22E-05,No,Other
64,Connecticut,CT,11/6/2012,"Harris, James E.",W,5,3.21E-06,No,Other
65,Connecticut,CT,11/6/2012,"Sizemore, Raymond",W,5,3.21E-06,No,Other
66,Connecticut,CT,11/6/2012,"Durham, Stephen",W,1,6.41E-07,No,Other
67,Delaware,DE,11/6/2012,"Obama, Barack",DEM,242584,0.586063524,Yes,Democrat
68,Delaware,DE,11/6/2012,"Romney, Mitt",REP,165484,0.399796096,No,Republican
69,Delaware,DE,11/6/2012,"Johnson, Gary",LIB,3882,0.009378601,No,Other
70,Delaware,DE,11/6/2012,"Stein, Jill",GRE,1940,0.004686885,No,Other
71,Delaware,DE,11/6/2012,"Goode, Virgil",W,23,5.56E-05,No,Other
72,Delaware,DE,11/6/2012,"Hoefling, Tom",W,7,1.69E-05,No,Other
73,Delaware,DE,11/6/2012,"Reed, Jill",W,1,2.42E-06,No,Other
74,District of Columbia,DC,11/6/2012,"Obama, Barack",DEM,267070,0.909131139,Yes,Democrat
75,District of Columbia,DC,11/6/2012,"Romney, Mitt",REP,21381,0.072782914,No,Republican
76,District of Columbia,DC,11/6/2012,"Stein, Jill",DCG,2458,0.008367261,No,Other
77,District of Columbia,DC,11/6/2012,"Johnson, Gary",LIB,2083,0.007090726,No,Other
78,District of Columbia,DC,11/6/2012,Scattered,W,772,0.00262796,No,Other
79,Florida,FL,11/6/2012,"Obama, Barack",DEM,4237756,0.500078651,Yes,Democrat
80,Florida,FL,11/6/2012,"Romney, Mitt",REP,4163447,0.491309778,No,Republican
81,Florida,FL,11/6/2012,"Johnson, Gary",LBF,44726,0.005277915,No,Other
82,Florida,FL,11/6/2012,"Stein, Jill",GPF,8947,0.001055795,No,Other
83,Florida,FL,11/6/2012,"Barr, Roseanne",PFF,8154,0.000962217,No,Other
84,Florida,FL,11/6/2012,"Stevens, Thomas Robert",OBF,3856,0.000455029,No,Other
85,Florida,FL,11/6/2012,"Goode, Virgil H., Jr.",CPF,2607,0.00030764,No,Other
86,Florida,FL,11/6/2012,"Anderson, Ross C. ""Rocky""",JPF,1754,0.000206982,No,Other
87,Florida,FL,11/6/2012,"Hoefling, Tom",APF,946,0.000111633,No,Other
88,Florida,FL,11/6/2012,"Barnett, Andre",REF,820,9.68E-05,No,Other
89,Florida,FL,11/6/2012,"Alexander, Stewart",SFL,799,9.43E-05,No,Other
90,Florida,FL,11/6/2012,"Lindsay, Peta",SLF,322,3.80E-05,No,Other
91,Florida,FL,11/6/2012,"Reed, Jill",W,36,4.25E-06,No,Other
92,Florida,FL,11/6/2012,"Duncan, Richard",W,3,3.54E-07,No,Other
93,Florida,FL,11/6/2012,"Durham, Stephen G.",W,3,3.54E-07,No,Other
94,Florida,FL,11/6/2012,"Magee, Erin Kent",W,2,2.36E-07,No,Other
95,Florida,FL,11/6/2012,"Coniglio, Andrew Charles",W,1,1.18E-07,No,Other
96,Georgia,GA,11/6/2012,"Romney, Mitt",REP,2078688,0.53299009,Yes,Republican
97,Georgia,GA,11/6/2012,"Obama, Barack",DEM,1773827,0.454821605,No,Democrat
98,Georgia,GA,11/6/2012,"Johnson, Gary",LIB,45324,0.011621389,No,Other
99,Georgia,GA,11/6/2012,"Stein, Jill",W,1516,0.000388713,No,Other
100,Georgia,GA,11/6/2012,"Goode, Virgil",W,432,0.000110768,No,Other
101,Georgia,GA,11/6/2012,"Anderson, Ross C. ""Rocky""",W,154,3.95E-05,No,Other
102,Georgia,GA,11/6/2012,"Hykes, Darrell",W,55,1.41E-05,No,Other
103,Georgia,GA,11/6/2012,"Reid, Jill",W,30,7.69E-06,No,Other
104,Georgia,GA,11/6/2012,"Harris, James",W,21,5.38E-06,No,Other
105,Georgia,GA,11/6/2012,"Byrne, David C.",W,2,5.13E-07,No,Other
106,Georgia,GA,11/6/2012,"Magee, Erin Kent",W,1,2.56E-07,No,Other
107,Hawaii,HI,11/6/2012,"Obama, Barack",DEM,306658,0.705452304,Yes,Democrat
108,Hawaii,HI,11/6/2012,"Romney, Mitt",REP,121015,0.278389315,No,Republican
109,Hawaii,HI,11/6/2012,"Johnson, Gary",LIB,3840,0.008833739,No,Other
110,Hawaii,HI,11/6/2012,"Stein, Jill",GRE,3184,0.007324642,No,Other
111,Idaho,ID,11/6/2012,"Romney, Mitt",REP,420911,0.645297835,Yes,Republican
112,Idaho,ID,11/6/2012,"Obama, Barack",DEM,212787,0.326223336,No,Democrat
113,Idaho,ID,11/6/2012,"Johnson, Gary",LIB,9453,0.014492376,No,Other
114,Idaho,ID,11/6/2012,"Stein, Jill",IND,4402,0.006748698,No,Other
115,Idaho,ID,11/6/2012,"Anderson, Ross C. ""Rocky""",IND,2499,0.003831212,No,Other
116,Idaho,ID,11/6/2012,"Goode, Virgil H.",CON,2222,0.003406544,No,Other
117,Illinois,IL,11/6/2012,"Obama, Barack",DEM,3019512,0.576021354,Yes,Democrat
118,Illinois,IL,11/6/2012,"Romney, Mitt",REP,2135216,0.407327413,No,Republican
119,Illinois,IL,11/6/2012,"Johnson, Gary",LIB,56229,0.010726602,No,Other
120,Illinois,IL,11/6/2012,"Stein, Jill",GRE,30222,0.005765341,No,Other
121,Illinois,IL,11/6/2012,"Goode, Virgil / Clymer, Jim",W,233,4.44E-05,No,Other
122,Illinois,IL,11/6/2012,"Anderson, Ross C. ""Rocky""",W,185,3.53E-05,No,Other
123,Illinois,IL,11/6/2012,"Goode, Virgil",W,182,3.47E-05,No,Other
124,Illinois,IL,11/6/2012,"Reed, Jill",W,121,2.31E-05,No,Other
125,Illinois,IL,11/6/2012,"Hoefling, Tom",W,22,4.20E-06,No,Other
126,Illinois,IL,11/6/2012,"Hawkins, Michael",W,16,3.05E-06,No,Other
127,Illinois,IL,11/6/2012,"Cary, Tom",W,14,2.67E-06,No,Other
128,Illinois,IL,11/6/2012,"Reed, Jill / Cary, Tom",W,10,1.91E-06,No,Other
129,Illinois,IL,11/6/2012,"White, Jerry",W,8,1.53E-06,No,Other
130,Illinois,IL,11/6/2012,"Roth, Cecil",W,5,9.54E-07,No,Other
131,Illinois,IL,11/6/2012,"Scherrer, Phyllis",W,5,9.54E-07,No,Other
132,Illinois,IL,11/6/2012,"Clymer, Jim",W,4,7.63E-07,No,Other
133,Illinois,IL,11/6/2012,"Prokopich, Barbara",W,4,7.63E-07,No,Other
134,Illinois,IL,11/6/2012,"White, Jerry / Scherrer, Phyllis",W,4,7.63E-07,No,Other
135,Illinois,IL,11/6/2012,"Hoefling, Tom / Ellis, Jonathan",W,3,5.72E-07,No,Other
136,Illinois,IL,11/6/2012,"Knill, Dennis",W,3,5.72E-07,No,Other
137,Illinois,IL,11/6/2012,"Tyree, Roy Wayne",W,3,5.72E-07,No,Other
138,Illinois,IL,11/6/2012,"Chehade, Paul",W,2,3.82E-07,No,Other
139,Illinois,IL,11/6/2012,"Chehade, Paul / McAllister, Steve",W,2,3.82E-07,No,Other
140,Illinois,IL,11/6/2012,"Durham, Stephen / Lopez, Christina",W,2,3.82E-07,No,Other
141,Illinois,IL,11/6/2012,"Maxwell, Lynn",W,2,3.82E-07,No,Other
142,Illinois,IL,11/6/2012,"Struck, James T.",W,2,3.82E-07,No,Other
143,Illinois,IL,11/6/2012,"Durham, Stephen",W,1,1.91E-07,No,Other
144,Illinois,IL,11/6/2012,"Ellis, Jonathan",W,1,1.91E-07,No,Other
145,Illinois,IL,11/6/2012,"Frost, Stephen James",W,1,1.91E-07,No,Other
146,Indiana,IN,11/6/2012,"Romney, Mitt",REP,1420543,0.541255324,Yes,Republican
147,Indiana,IN,11/6/2012,"Obama, Barack",DEM,1152887,0.439273029,No,Democrat
148,Indiana,IN,11/6/2012,"Johnson, Gary",LIB,50111,0.019093294,No,Other
149,Indiana,IN,11/6/2012,"Stein, Jill",W,625,0.000238138,No,Other
150,Indiana,IN,11/6/2012,"Goode, Virgil H., Jr.",W,290,0.000110496,No,Other
151,Indiana,IN,11/6/2012,"Hoefling, Tom",W,35,1.33E-05,No,Other
152,Indiana,IN,11/6/2012,"Alexander, Stewart",W,17,6.48E-06,No,Other
153,Indiana,IN,11/6/2012,"Reed, Jill",W,8,3.05E-06,No,Other
154,Indiana,IN,11/6/2012,"Terry, Randall A.",W,8,3.05E-06,No,Other
155,Indiana,IN,11/6/2012,"Knill, Dennis",W,7,2.67E-06,No,Other
156,Indiana,IN,11/6/2012,"Dummett, John A., Jr.",W,2,7.62E-07,No,Other
157,Indiana,IN,11/6/2012,"Lopez, Christina",W,1,3.81E-07,No,Other
158,Iowa,IA,11/6/2012,"Obama, Barack",DEM,822544,0.519880165,Yes,Democrat
159,Iowa,IA,11/6/2012,"Romney, Mitt",REP,730617,0.461778685,No,Republican
160,Iowa,IA,11/6/2012,"Johnson, Gary",LIB,12926,0.00816974,No,Other
161,Iowa,IA,11/6/2012,Scattered,W,7442,0.004703637,No,Other
162,Iowa,IA,11/6/2012,"Stein, Jill",IG,3769,0.002382156,No,Other
163,Iowa,IA,11/6/2012,"Goode, Virgil",CON,3038,0.001920136,No,Other
164,Iowa,IA,11/6/2012,"Litzel, Jerry",NP,1027,0.000649104,No,Other
165,Iowa,IA,11/6/2012,"Harris, James",SWP,445,0.000281258,No,Other
166,Iowa,IA,11/6/2012,"La Riva, Gloria",PSL,372,0.000235119,No,Other
167,Kansas,KS,11/6/2012,"Romney, Mitt",REP,692634,0.597113204,Yes,Republican
168,Kansas,KS,11/6/2012,"Obama, Barack",DEM,440726,0.379945706,No,Democrat
169,Kansas,KS,11/6/2012,"Johnson, Gary",LIB,20456,0.017634924,No,Other
170,Kansas,KS,11/6/2012,"Baldwin, Chuck",REF,5017,0.004325108,No,Other
171,Kansas,KS,11/6/2012,"Stein, Jill E.",W,714,0.000615533,No,Other
172,Kansas,KS,11/6/2012,"Goode, Virgil",W,187,0.000161211,No,Other
173,Kansas,KS,11/6/2012,"Anderson, Ross ""Rocky"" C.",W,95,8.19E-05,No,Other
174,Kansas,KS,11/6/2012,"Barr, Roseanne C.",W,58,5.00E-05,No,Other
175,Kansas,KS,11/6/2012,"Bush, Kent W.",W,48,4.14E-05,No,Other
176,Kansas,KS,11/6/2012,"Barnett, Andre",W,19,1.64E-05,No,Other
177,Kansas,KS,11/6/2012,"Hoefling, Tom",W,12,1.03E-05,No,Other
178,Kansas,KS,11/6/2012,"Reed, Jill A.",W,4,3.45E-06,No,Other
179,Kansas,KS,11/6/2012,"Christensen, Will",W,1,8.62E-07,No,Other
180,Kentucky,KY,11/6/2012,"Romney, Mitt",REP,1087190,0.604931416,Yes,Republican
181,Kentucky,KY,11/6/2012,"Obama, Barack",DEM,679370,0.378013278,No,Democrat
182,Kentucky,KY,11/6/2012,"Johnson, Gary",LIB,17063,0.00949415,No,Other
183,Kentucky,KY,11/6/2012,"Terry, Randall A.",IND,6872,0.0038237,No,Other
184,Kentucky,KY,11/6/2012,"Stein, Jill",GRE,6337,0.003526017,No,Other
185,Kentucky,KY,11/6/2012,"Goode, Virgil",W,245,0.000136322,No,Other
186,Kentucky,KY,11/6/2012,"Anderson, Ross C. ""Rocky""",W,60,3.34E-05,No,Other
187,Kentucky,KY,11/6/2012,"Duncan, Richard",W,37,2.06E-05,No,Other
188,Kentucky,KY,11/6/2012,"Hoefling, Tom",W,30,1.67E-05,No,Other
189,Kentucky,KY,11/6/2012,"White, Jerry",W,4,2.23E-06,No,Other
190,Kentucky,KY,11/6/2012,"Durham, Stephen",W,2,1.11E-06,No,Other
191,Kentucky,KY,11/6/2012,"House, Louis Todd",W,1,5.56E-07,No,Other
192,Kentucky,KY,11/6/2012,"Knill, Dennis",W,1,5.56E-07,No,Other
193,Louisiana,LA,11/6/2012,"Romney, Mitt",REP,1152262,0.577845757,Yes,Republican
194,Louisiana,LA,11/6/2012,"Obama, Barack",DEM,809141,0.405774636,No,Democrat
195,Louisiana,LA,11/6/2012,"Johnson, Gary",LIB,18157,0.009105521,No,Other
196,Louisiana,LA,11/6/2012,"Stein, Jill",GRE,6978,0.003499384,No,Other
197,Louisiana,LA,11/6/2012,"Goode, Virgil",CON,2508,0.001257732,No,Other
198,Louisiana,LA,11/6/2012,"Tittle, Sheila",WTP,1767,0.00088613,No,Other
199,Louisiana,LA,11/6/2012,"Anderson, Ross",JUS,1368,0.000686036,No,Other
200,Louisiana,LA,11/6/2012,"Lindsay, Peta",SLP,622,0.000311926,No,Other
201,Louisiana,LA,11/6/2012,"Fellure, Jack",P,518,0.000259771,No,Other
202,Louisiana,LA,11/6/2012,"Harris, James",SWP,389,0.000195079,No,Other
203,Louisiana,LA,11/6/2012,"White, Jerry",SEP,355,0.000178028,No,Other
204,Maine,ME,11/6/2012,"Obama, Barack",DEM,401306,0.562699459,Yes,Democrat
205,Maine,ME,11/6/2012,"Romney, Mitt",REP,292276,0.409820803,No,Republican
206,Maine,ME,11/6/2012,"Johnson, Gary E.",LIB,9352,0.013113099,No,Other
207,Maine,ME,11/6/2012,"Stein, Jill",GI,8119,0.011384223,No,Other
208,Maine,ME,11/6/2012,"Paul, Ronald E.",W,2035,0.002853417,No,Other
209,Maine,ME,11/6/2012,"Anderson, Ross C.",W,62,8.69E-05,No,Other
210,Maine,ME,11/6/2012,"Reed, Jill Ann",W,30,4.21E-05,No,Other
211,Maryland,MD,11/6/2012,"Obama, Barack",DEM,1677844,0.619741908,Yes,Democrat
212,Maryland,MD,11/6/2012,"Romney, Mitt",REP,971869,0.358977323,No,Republican
213,Maryland,MD,11/6/2012,"Johnson, Gary",LIB,30195,0.011153067,No,Other
214,Maryland,MD,11/6/2012,"Stein, Jill",GRE,17110,0.006319887,No,Other
215,Maryland,MD,11/6/2012,Other,W,8788,0.003246006,No,Other
216,Maryland,MD,11/6/2012,"Claus, Santa",W,625,0.000230855,No,Other
217,Maryland,MD,11/6/2012,"Goode, Virgil",W,418,0.000154396,No,Other
218,Maryland,MD,11/6/2012,"Anderson, Ross C. ""Rocky""",W,204,7.54E-05,No,Other
219,Maryland,MD,11/6/2012,"Barr, Roseanne",W,64,2.36E-05,No,Other
220,Maryland,MD,11/6/2012,"Clymer, James",W,35,1.29E-05,No,Other
221,Maryland,MD,11/6/2012,"Miller, Merlin",W,26,9.60E-06,No,Other
222,Maryland,MD,11/6/2012,"Barnett, Andre",W,19,7.02E-06,No,Other
223,Maryland,MD,11/6/2012,"Durham, Stephen",W,19,7.02E-06,No,Other
224,Maryland,MD,11/6/2012,"Briscoe, Tiffany Renee",W,18,6.65E-06,No,Other
225,Maryland,MD,11/6/2012,"Lydick, Matthew",W,18,6.65E-06,No,Other
226,Maryland,MD,11/6/2012,"Duncan, Richard",W,15,5.54E-06,No,Other
227,Maryland,MD,11/6/2012,"Chehade, Paul",W,13,4.80E-06,No,Other
228,Maryland,MD,11/6/2012,"Dickson, Fred Donald, Jr.",W,8,2.95E-06,No,Other
229,Maryland,MD,11/6/2012,"Crosby, David M.",W,7,2.59E-06,No,Other
230,Maryland,MD,11/6/2012,"Hykes, Darrell",W,7,2.59E-06,No,Other
231,Maryland,MD,11/6/2012,"Reed, Jill",W,7,2.59E-06,No,Other
232,Maryland,MD,11/6/2012,"Boyles, Michael David",W,5,1.85E-06,No,Other
233,Maryland,MD,11/6/2012,"Keyton, Nelson",W,3,1.11E-06,No,Other
234,Maryland,MD,11/6/2012,"French, Dwight Kenneth",W,2,7.39E-07,No,Other
235,Maryland,MD,11/6/2012,"Knill, Dennis",W,2,7.39E-07,No,Other
236,Maryland,MD,11/6/2012,"Prokopich, Barbara A.",W,2,7.39E-07,No,Other
237,Maryland,MD,11/6/2012,"Dietz, Robert William",W,1,3.69E-07,No,Other
238,Maryland,MD,11/6/2012,"Morstad, Dean",W,1,3.69E-07,No,Other
239,Maryland,MD,11/6/2012,"O'Hara, Terrance James",W,1,3.69E-07,No,Other
240,Maryland,MD,11/6/2012,"Roth, Cecil James",W,1,3.69E-07,No,Other
241,Massachusetts,MA,11/6/2012,"Obama, Barack",DEM,1921290,0.606512411,Yes,Democrat
242,Massachusetts,MA,11/6/2012,"Romney, Mitt",REP,1188314,0.375126706,No,Republican
243,Massachusetts,MA,11/6/2012,"Johnson, Gary",LIB,30920,0.009760819,No,Other
244,Massachusetts,MA,11/6/2012,"Stein, Jill",GR,20691,0.00653173,No,Other
245,Massachusetts,MA,11/6/2012,All Others,W,6552,0.002068334,No,Other
246,Michigan,MI,11/6/2012,"Obama, Barack",DEM,2564569,0.542082042,Yes,Democrat
247,Michigan,MI,11/6/2012,"Romney, Mitt",REP,2115256,0.44710916,No,Republican
248,Michigan,MI,11/6/2012,"Stein, Jill",GRE,21897,0.004628447,No,Other
249,Michigan,MI,11/6/2012,"Goode, Virgil, Jr.",UST,16119,0.00340713,No,Other
250,Michigan,MI,11/6/2012,"Johnson, Gary",W,7774,0.001643218,No,Other
251,Michigan,MI,11/6/2012,"Anderson, Ross",NLP,5147,0.00108794,No,Other
252,Michigan,MI,11/6/2012,"Alexander, Stewart",W,89,1.88E-05,No,Other
253,Michigan,MI,11/6/2012,"White, Jerry",W,68,1.44E-05,No,Other
254,Michigan,MI,11/6/2012,"Hoefling, Tom",W,42,8.88E-06,No,Other
255,Minnesota,MN,11/6/2012,"Obama, Barack",DFL,1546167,0.526523032,Yes,Other
256,Minnesota,MN,11/6/2012,"Romney, Mitt",REP,1320225,0.449582011,No,Republican
257,Minnesota,MN,11/6/2012,"Johnson, Gary",LIB,35098,0.011952076,No,Other
258,Minnesota,MN,11/6/2012,"Stein, Jill",GRE,13023,0.004434779,No,Other
259,Minnesota,MN,11/6/2012,Scattered,W,10533,0.003586849,No,Other
260,Minnesota,MN,11/6/2012,"Goode, Virgil",CON,3722,0.001267469,No,Other
261,Minnesota,MN,11/6/2012,"Carlson, Jim",GRT,3149,0.001072343,No,Other
262,Minnesota,MN,11/6/2012,"Anderson, Ross C. ""Rocky""",JUS,1996,0.000679707,No,Other
263,Minnesota,MN,11/6/2012,"Morstad, Dean",CG,1092,0.000371864,No,Other
264,Minnesota,MN,11/6/2012,"Harris, James",SWP,1051,0.000357902,No,Other
265,Minnesota,MN,11/6/2012,"Lindsay, Peta",SLP,397,0.000135192,No,Other
266,Minnesota,MN,11/6/2012,"Barr, Roseanne",W,46,1.57E-05,No,Other
267,Minnesota,MN,11/6/2012,"Prokopich, Barbara",W,35,1.19E-05,No,Other
268,Minnesota,MN,11/6/2012,"Hoefling, Tom",W,14,4.77E-06,No,Other
269,Minnesota,MN,11/6/2012,"Reed, Jill",W,8,2.72E-06,No,Other
270,Minnesota,MN,11/6/2012,"Barnett, Andre",W,4,1.36E-06,No,Other
271,Minnesota,MN,11/6/2012,"Christensen, Will",W,1,3.41E-07,No,Other
272,Mississippi,MS,11/6/2012,"Romney, Mitt",REP,710746,0.552858467,Yes,Republican
273,Mississippi,MS,11/6/2012,"Obama, Barack",DEM,562949,0.437893595,No,Democrat
274,Mississippi,MS,11/6/2012,"Johnson, Gary",LIB,6676,0.005192971,No,Other
275,Mississippi,MS,11/6/2012,"Goode, Virgil",CON,2609,0.002029428,No,Other
276,Mississippi,MS,11/6/2012,"Stein, Jill A.",GRE,1588,0.001235236,No,Other
277,Mississippi,MS,11/6/2012,"Washer, Barbara Dale",REF,1016,0.000790302,No,Other
278,Missouri,MO,11/6/2012,"Romney, Mitt",REP,1482440,0.537637411,Yes,Republican
279,Missouri,MO,11/6/2012,"Obama, Barack",DEM,1223796,0.443834835,No,Democrat
280,Missouri,MO,11/6/2012,"Johnson, Gary",LIB,43151,0.015649599,No,Other
281,Missouri,MO,11/6/2012,"Goode, Virgil",CON,7936,0.002878154,No,Other
282,Montana,MT,11/6/2012,"Romney, Mitt",REP,267928,0.553515354,Yes,Republican
283,Montana,MT,11/6/2012,"Obama, Barack",DEM,201839,0.416981374,No,Democrat
284,Montana,MT,11/6/2012,"Johnson, Gary",LIB,14165,0.029263627,No,Other
285,Montana,MT,11/6/2012,"Anderson, Ross C. ""Rocky""",W,59,0.000121889,No,Other
286,Montana,MT,11/6/2012,"Goode, Virgil",W,39,8.06E-05,No,Other
287,Montana,MT,11/6/2012,"Barr, Roseanne",W,6,1.24E-05,No,Other
288,Montana,MT,11/6/2012,"Hoefling, Tom",W,5,1.03E-05,No,Other
289,Montana,MT,11/6/2012,"Alexander, Stewart",W,4,8.26E-06,No,Other
290,Montana,MT,11/6/2012,"Barnett, Andre",W,2,4.13E-06,No,Other
291,Montana,MT,11/6/2012,"Logsdon, Alexis",W,1,2.07E-06,No,Other
292,Nebraska,NE,11/6/2012,"Romney, Mitt",REP,475064,0.598031922,Yes,Republican
293,Nebraska,NE,11/6/2012,"Obama, Barack",DEM,302081,0.380273144,No,Democrat
294,Nebraska,NE,11/6/2012,"Johnson, Gary",LIB,11109,0.013984509,No,Other
295,Nebraska,NE,11/6/2012,Scattered,W,3717,0.004679127,No,Other
296,Nebraska,NE,11/6/2012,"Terry, Randall A.",BP,2408,0.003031299,No,Other
297,Nevada,NV,11/6/2012,"Obama, Barack",DEM,531373,0.523562495,Yes,Democrat
298,Nevada,NV,11/6/2012,"Romney, Mitt",REP,463567,0.456753156,No,Republican
299,Nevada,NV,11/6/2012,"Johnson, Gary",LIB,10968,0.010806784,No,Other
300,Nevada,NV,11/6/2012,None of These Candidates,,5770,0.005685188,No,Other
301,Nevada,NV,11/6/2012,"Goode, Virgil",IAP,3240,0.003192376,No,Other
302,New Hampshire,NH,11/6/2012,"Obama, Barack",DEM,369561,0.519796842,Yes,Democrat
303,New Hampshire,NH,11/6/2012,"Romney, Mitt",REP,329918,0.464037965,No,Republican
304,New Hampshire,NH,11/6/2012,"Johnson, Gary",LIB,8212,0.011550385,No,Other
305,New Hampshire,NH,11/6/2012,"Paul, Ron",W,1374,0.001932566,No,Other
306,New Hampshire,NH,11/6/2012,Scattered,W,875,0.00123071,No,Other
307,New Hampshire,NH,11/6/2012,"Goode, Virgil",CON,708,0.00099582,No,Other
308,New Hampshire,NH,11/6/2012,"Stein, Jill",W,324,0.000455714,No,Other
309,New Jersey,NJ,11/6/2012,"Obama, Barack",DEM,2125101,0.583772126,Yes,Democrat
310,New Jersey,NJ,11/6/2012,"Romney, Mitt",REP,1477568,0.405892714,No,Republican
311,New Jersey,NJ,11/6/2012,"Johnson, Gary",LIB,21045,0.00578113,No,Other
312,New Jersey,NJ,11/6/2012,"Stein, Jill",GRE,9888,0.002716266,No,Other
313,New Jersey,NJ,11/6/2012,"Goode, Virgil",CON,2064,0.000566987,No,Other
314,New Jersey,NJ,11/6/2012,"Anderson, Ross C. (Rocky)",NJJ,1724,0.000473588,No,Other
315,New Jersey,NJ,11/6/2012,"Boss, Jeff",NSA,1007,0.000276626,No,Other
316,New Jersey,NJ,11/6/2012,"Harris, James",SWP,710,0.000195039,No,Other
317,New Jersey,NJ,11/6/2012,"Miller, Merlin",ATP,664,0.000182403,No,Other
318,New Jersey,NJ,11/6/2012,"Lindsay, Peta",SLP,521,0.00014312,No,Other
319,New Mexico,NM,11/6/2012,"Obama, Barack",DEM,415335,0.529927605,Yes,Democrat
320,New Mexico,NM,11/6/2012,"Romney, Mitt",REP,335788,0.428433266,No,Republican
321,New Mexico,NM,11/6/2012,"Johnson, Gary",LIB,27788,0.035454822,No,Other
322,New Mexico,NM,11/6/2012,"Stein, Jill",GRE,2691,0.003433458,No,Other
323,New Mexico,NM,11/6/2012,"Anderson, Ross C. ""Rocky""",NMI,1174,0.001497911,No,Other
324,New Mexico,NM,11/6/2012,"Goode, Virgil",CON,982,0.001252938,No,Other
325,New York,NY,11/6/2012,"Obama, Barack",Combined Parties:,4485741,0.633475537,Yes,Other
326,New York,NY,11/6/2012,"Romney, Mitt",Combined Parties:,2490431,0.351698218,No,Other
327,New York,NY,11/6/2012,"Johnson, Gary",LIB,47256,0.006673484,No,Other
328,New York,NY,11/6/2012,"Stein, Jill",GRE,39982,0.005646251,No,Other
329,New York,NY,11/6/2012,Scattered,W,9076,0.001281711,No,Other
330,New York,NY,11/6/2012,"Goode, Virgil",CON,6274,0.000886013,No,Other
331,New York,NY,11/6/2012,"Lindsay, Peta",SLP,2050,0.000289501,No,Other
332,New York,NY,11/6/2012,"Anderson, Ross C.",W,217,3.06E-05,No,Other
333,New York,NY,11/6/2012,"Durham, Stephen",W,34,4.80E-06,No,Other
334,New York,NY,11/6/2012,"Hoefling, Tom",W,34,4.80E-06,No,Other
335,New York,NY,11/6/2012,"Harris, James",W,27,3.81E-06,No,Other
336,New York,NY,11/6/2012,"White, Jerry",W,19,2.68E-06,No,Other
337,New York,NY,11/6/2012,"Reed, Jill",W,12,1.69E-06,No,Other
338,New York,NY,11/6/2012,"Miller, Merlin",W,6,8.47E-07,No,Other
339,North Carolina,NC,11/6/2012,"Romney, Mitt",REP,2270395,0.503930641,Yes,Republican
340,North Carolina,NC,11/6/2012,"Obama, Barack",DEM,2178391,0.483509686,No,Democrat
341,North Carolina,NC,11/6/2012,"Johnson, Gary",LIB,44515,0.009880427,No,Other
342,North Carolina,NC,11/6/2012,Scattered,W,11537,0.002560721,No,Other
343,North Carolina,NC,11/6/2012,"Goode, Virgil",W,534,0.000118525,No,Other
344,North Dakota,ND,11/6/2012,"Romney, Mitt",REP,188163,0.583221491,Yes,Republican
345,North Dakota,ND,11/6/2012,"Obama, Barack",DNL,124827,0.386908101,No,Other
346,North Dakota,ND,11/6/2012,"Johnson, Gary",LIB,5231,0.01621377,No,Other
347,North Dakota,ND,11/6/2012,Scattered,W,1860,0.005765172,No,Other
348,North Dakota,ND,11/6/2012,"Stein, Jill",GRE,1361,0.004218494,No,Other
349,North Dakota,ND,11/6/2012,"Goode, Virgil",CON,1185,0.003672972,No,Other
350,Ohio,OH,11/6/2012,"Obama, Barack",DEM,2827709,0.506680975,Yes,Democrat
351,Ohio,OH,11/6/2012,"Romney, Mitt",REP,2661437,0.476887648,No,Republican
352,Ohio,OH,11/6/2012,"Johnson, Gary",LIB,49493,0.008868367,No,Other
353,Ohio,OH,11/6/2012,"Stein, Jill",GRE,18573,0.003327989,No,Other
354,Ohio,OH,11/6/2012,"Duncan, Richard",IND,12502,0.002240162,No,Other
355,Ohio,OH,11/6/2012,"Goode, Virgil",CON,8152,0.00146071,No,Other
356,Ohio,OH,11/6/2012,"Alexander, Stewart",SUS,2944,0.000527518,No,Other
357,Ohio,OH,11/6/2012,"Reed, Jill",W,14,2.51E-06,No,Other
358,Ohio,OH,11/6/2012,"Vargo, Mike",W,13,2.33E-06,No,Other
359,Ohio,OH,11/6/2012,"Terry, Randall",W,9,1.61E-06,No,Other
360,Ohio,OH,11/6/2012,"Daniels, Susan",W,1,1.79E-07,No,Other
361,Ohio,OH,11/6/2012,"Keyton, Nelson",W,0,0,No,Other
362,Oklahoma,OK,11/6/2012,"Romney, Mitt",REP,891325,0.667723197,Yes,Republican
363,Oklahoma,OK,11/6/2012,"Obama, Barack",DEM,443547,0.332276803,No,Democrat
364,Oregon,OR,11/6/2012,"Obama, Barack",DEM,970488,0.542393267,Yes,Democrat
365,Oregon,OR,11/6/2012,"Romney, Mitt",REP,754175,0.421498712,No,Republican
366,Oregon,OR,11/6/2012,"Johnson, Gary",LIB,24089,0.013463032,No,Other
367,Oregon,OR,11/6/2012,"Stein, Jill",PG,19427,0.010857501,No,Other
368,Oregon,OR,11/6/2012,Miscellaneous,W,13275,0.007419227,No,Other
369,Oregon,OR,11/6/2012,"Christensen, Will",CON,4432,0.002476988,No,Other
370,Oregon,OR,11/6/2012,"Anderson, Ross C. (Rocky)",PRO,3384,0.001891274,No,Other
371,Pennsylvania,PA,11/6/2012,"Obama, Barack",DEM,2990274,0.519715938,Yes,Democrat
372,Pennsylvania,PA,11/6/2012,"Romney, Mitt",REP,2680434,0.465865091,No,Republican
373,Pennsylvania,PA,11/6/2012,"Johnson, Gary",LIB,49991,0.008688541,No,Other
374,Pennsylvania,PA,11/6/2012,"Stein, Jill",GRE,21341,0.003709111,No,Other
375,Pennsylvania,PA,11/6/2012,Scattered,W,11219,0.001949886,No,Other
376,Pennsylvania,PA,11/6/2012,"Goode, Virgil",W,383,6.66E-05,No,Other
377,Pennsylvania,PA,11/6/2012,"Hoefling, Tom",W,28,4.87E-06,No,Other
378,Rhode Island,RI,11/6/2012,"Obama, Barack",DEM,279677,0.627009589,Yes,Democrat
379,Rhode Island,RI,11/6/2012,"Romney, Mitt",REP,157204,0.352436616,No,Republican
380,Rhode Island,RI,11/6/2012,"Johnson, Gary",LIB,4388,0.009837484,No,Other
381,Rhode Island,RI,11/6/2012,"Stein, Jill",GRE,2421,0.005427655,No,Other
382,Rhode Island,RI,11/6/2012,Scattered,W,686,0.001537948,No,Other
383,Rhode Island,RI,11/6/2012,"Paul, Ron",W,617,0.001383256,No,Other
384,Rhode Island,RI,11/6/2012,"Goode, Virgil",CON,430,0.00096402,No,Other
385,Rhode Island,RI,11/6/2012,"Anderson, Ross C. ""Rocky""",JUS,416,0.000932633,No,Other
386,Rhode Island,RI,11/6/2012,"Lindsay, Peta",SLP,132,0.000295932,No,Other
387,Rhode Island,RI,11/6/2012,"Clinton, Hillary",W,64,0.000143482,No,Other
388,Rhode Island,RI,11/6/2012,"Mouse, Mickey",W,14,3.14E-05,No,Other
389,South Carolina,SC,11/6/2012,"Romney, Mitt",REP,1071645,0.545611313,Yes,Republican
390,South Carolina,SC,11/6/2012,"Obama, Barack",DEM,865941,0.440880334,No,Democrat
391,South Carolina,SC,11/6/2012,"Johnson, Gary",LIB,16321,0.008309582,No,Other
392,South Carolina,SC,11/6/2012,"Stein, Jill",GRE,5446,0.002772746,No,Other
393,South Carolina,SC,11/6/2012,"Goode, Virgil",CON,4765,0.002426025,No,Other
394,South Dakota,SD,11/6/2012,"Romney, Mitt",REP,210610,0.578893119,Yes,Republican
395,South Dakota,SD,11/6/2012,"Obama, Barack",DEM,145039,0.398661408,No,Democrat
396,South Dakota,SD,11/6/2012,"Johnson, Gary",LIB,5795,0.015928425,No,Other
397,South Dakota,SD,11/6/2012,"Goode, Virgil",CON,2371,0.006517048,No,Other
398,Tennessee,TN,11/6/2012,"Romney, Mitt",REP,1462330,0.594787147,Yes,Republican
399,Tennessee,TN,11/6/2012,"Obama, Barack",DEM,960709,0.39075815,No,Democrat
400,Tennessee,TN,11/6/2012,"Johnson, Gary",IND,18623,0.007574707,No,Other
401,Tennessee,TN,11/6/2012,"Stein, Jill",GRE,6515,0.002649907,No,Other
402,Tennessee,TN,11/6/2012,"Goode, Virgil",CON,6022,0.002449384,No,Other
403,Tennessee,TN,11/6/2012,"Anderson, Ross C. ""Rocky""",IND,2639,0.001073385,No,Other
404,Tennessee,TN,11/6/2012,"Miller, Merlin",IND,1739,0.00070732,No,Other
405,Texas,TX,11/6/2012,"Romney, Mitt",REP,4569843,0.571669775,Yes,Republican
406,Texas,TX,11/6/2012,"Obama, Barack",DEM,3308124,0.413833583,No,Democrat
407,Texas,TX,11/6/2012,"Johnson, Gary",LIB,88580,0.011081017,No,Other
408,Texas,TX,11/6/2012,"Stein, Jill",GRE,24657,0.003084496,No,Other
409,Texas,TX,11/6/2012,"Goode, Virgil",W,1287,0.000160999,No,Other
410,Texas,TX,11/6/2012,"Anderson, Rocky",W,426,5.33E-05,No,Other
411,Texas,TX,11/6/2012,"Hoefling, Tom",W,374,4.68E-05,No,Other
412,Texas,TX,11/6/2012,"Ayers, Avery",W,209,2.61E-05,No,Other
413,Texas,TX,11/6/2012,"Alexander, Stewart",W,162,2.03E-05,No,Other
414,Texas,TX,11/6/2012,"Hill, Thaddaus",W,102,1.28E-05,No,Other
415,Texas,TX,11/6/2012,"Barnett, Andre N.",W,87,1.09E-05,No,Other
416,Utah,UT,11/6/2012,"Romney, Mitt",REP,740600,0.727905331,Yes,Republican
417,Utah,UT,11/6/2012,"Obama, Barack",DEM,251813,0.247496658,No,Democrat
418,Utah,UT,11/6/2012,"Johnson, Gary",LIB,12572,0.012356503,No,Other
419,Utah,UT,11/6/2012,"Anderson, Ross C. ""Rocky""",JUS,5335,0.005243552,No,Other
420,Utah,UT,11/6/2012,"Stein, Jill",GRE,3817,0.003751573,No,Other
421,Utah,UT,11/6/2012,"Goode, Virgil",CON,2871,0.002821788,No,Other
422,Utah,UT,11/6/2012,"La Riva, Gloria",UN,393,0.000386264,No,Other
423,Utah,UT,11/6/2012,"Barr, Roseanne",W,18,1.77E-05,No,Other
424,Utah,UT,11/6/2012,"Reed, Jill",W,6,5.90E-06,No,Other
425,Utah,UT,11/6/2012,"Barnett, Andre",W,5,4.91E-06,No,Other
426,Utah,UT,11/6/2012,"Christensen, Will",W,5,4.91E-06,No,Other
427,Utah,UT,11/6/2012,"Myers, Justin",W,2,1.97E-06,No,Other
428,Utah,UT,11/6/2012,"Durham, Stephen",W,1,9.83E-07,No,Other
429,Utah,UT,11/6/2012,"Hykes, Darrell",W,1,9.83E-07,No,Other
430,Utah,UT,11/6/2012,"Morstad, Dean",W,1,9.83E-07,No,Other
431,Vermont,VT,11/6/2012,"Obama, Barack",DEM,199239,0.665705503,Yes,Democrat
432,Vermont,VT,11/6/2012,"Romney, Mitt",REP,92698,0.309726352,No,Republican
433,Vermont,VT,11/6/2012,"Johnson, Gary",LIB,3487,0.011650907,No,Other
434,Vermont,VT,11/6/2012,"Anderson, Ross C. ""Rocky""",JUS,1128,0.00376892,No,Other
435,Vermont,VT,11/6/2012,"Paul, Ron",W,717,0.00239567,No,Other
436,Vermont,VT,11/6/2012,Scattered,W,710,0.002372281,No,Other
437,Vermont,VT,11/6/2012,"Lindsay, Peta",SLP,695,0.002322162,No,Other
438,Vermont,VT,11/6/2012,"Stein, Jill",W,594,0.001984697,No,Other
439,Vermont,VT,11/6/2012,"Goode, Virgil",W,13,4.34E-05,No,Other
440,Vermont,VT,11/6/2012,"Barr, Roseanne",W,9,3.01E-05,No,Other
441,Virginia,VA,11/6/2012,"Obama, Barack",DEM,1971820,0.511564568,Yes,Democrat
442,Virginia,VA,11/6/2012,"Romney, Mitt",REP,1822522,0.472831029,No,Republican
443,Virginia,VA,11/6/2012,"Johnson, Gary",LIB,31216,0.008098609,No,Other
444,Virginia,VA,11/6/2012,"Goode, Virgil",CON,13058,0.003387738,No,Other
445,Virginia,VA,11/6/2012,"Stein, Jill",GRE,8627,0.00223817,No,Other
446,Virginia,VA,11/6/2012,Scattered,W,7151,0.001855239,No,Other
447,Virginia,VA,11/6/2012,"Anderson, Ross C. ""Rocky""",W,76,1.97E-05,No,Other
448,Virginia,VA,11/6/2012,"Reed, Jill",W,14,3.63E-06,No,Other
449,Virginia,VA,11/6/2012,"Glean, Joseph A. / Darlene Herleikson",W,3,7.78E-07,No,Other
450,Virginia,VA,11/6/2012,"Glean, Joseph A. / Jamie Johnson",W,1,2.59E-07,No,Other
451,Virginia,VA,11/6/2012,"Tittle, Sheila ""Samm""",W,1,2.59E-07,No,Other
452,Washington,WA,11/6/2012,"Obama, Barack",DEM,1755396,0.561633983,Yes,Democrat
453,Washington,WA,11/6/2012,"Romney, Mitt",REP,1290670,0.412946214,No,Republican
454,Washington,WA,11/6/2012,"Johnson, Gary",LIB,42202,0.01350241,No,Other
455,Washington,WA,11/6/2012,"Stein, Jill",GRE,20928,0.006695854,No,Other
456,Washington,WA,11/6/2012,"Goode, Virgil",CON,8851,0.002831852,No,Other
457,Washington,WA,11/6/2012,"Anderson, Ross C. ""Rocky""",JUS,4946,0.001582459,No,Other
458,Washington,WA,11/6/2012,"Lindsay, Peta",SLP,1318,0.00042169,No,Other
459,Washington,WA,11/6/2012,"Harris, James",SWP,1205,0.000385536,No,Other
460,West Virginia,WV,11/6/2012,"Romney, Mitt",REP,417655,0.622958424,Yes,Republican
461,West Virginia,WV,11/6/2012,"Obama, Barack",DEM,238269,0.355393042,No,Democrat
462,West Virginia,WV,11/6/2012,"Johnson, Gary",LIB,6302,0.009399825,No,Other
463,West Virginia,WV,11/6/2012,"Stein, Jill",MTP,4406,0.006571823,No,Other
464,West Virginia,WV,11/6/2012,"Terry, Randall",NPA,3806,0.005676886,No,Other
465,Wisconsin,WI,11/6/2012,"Obama, Barack",DEM,1620985,0.528277617,Yes,Democrat
466,Wisconsin,WI,11/6/2012,"Romney, Mitt",REP,1407966,0.458854908,No,Republican
467,Wisconsin,WI,11/6/2012,"Johnson, Gary",IND,20439,0.006661053,No,Other
468,Wisconsin,WI,11/6/2012,"Stein, Jill",IND,7665,0.002498017,No,Other
469,Wisconsin,WI,11/6/2012,Scattered,W,5170,0.001684899,No,Other
470,Wisconsin,WI,11/6/2012,"Goode, Virgil",CON,4930,0.001606683,No,Other
471,Wisconsin,WI,11/6/2012,"White, Jerry",IND,553,0.000180222,No,Other
472,Wisconsin,WI,11/6/2012,"La Riva, Gloria",IND,526,0.000171423,No,Other
473,Wisconsin,WI,11/6/2012,"Anderson, Ross C. ""Rocky""",W,112,3.65E-05,No,Other
474,Wisconsin,WI,11/6/2012,"Barr, Roseanne",W,88,2.87E-05,No,Other
475,Wyoming,WY,11/6/2012,"Romney, Mitt",REP,170962,0.686426217,Yes,Republican
476,Wyoming,WY,11/6/2012,"Obama, Barack",DEM,69286,0.278188877,No,Democrat
477,Wyoming,WY,11/6/2012,"Johnson, Gary",LIB,5326,0.02138432,No,Other
478,Wyoming,WY,11/6/2012,Scattered,W,2035,0.008170689,No,Other
479,Wyoming,WY,11/6/2012,"Goode, Virgil H.",CON,1452,0.005829897,No,Other
0,Alabama,AL,11/8/2016,"Trump, Donald J.",REP,1318255,0.620830924,Yes,Republican
1,Alabama,AL,11/8/2016,"Clinton, Hillary",DEM,729547,0.343579458,No,Democrat
2,Alabama,AL,11/8/2016,"Johnson, Gary",IND,44467,0.020941691,No,Other
3,Alabama,AL,11/8/2016,"Scattered, ",W,21712,0.010225246,No,Other
4,Alabama,AL,11/8/2016,"Stein, Jill",IND,9391,0.004422682,No,Other
5,Alaska,AK,11/8/2016,"Trump, Donald J.",REP,163387,0.512815121,Yes,Republican
6,Alaska,AK,11/8/2016,"Clinton, Hillary",DEM,116454,0.365508713,No,Democrat
7,Alaska,AK,11/8/2016,"Johnson, Gary",LIB,18725,0.05877128,No,Other
8,Alaska,AK,11/8/2016,Scattered,W,9201,0.028878748,No,Other
9,Alaska,AK,11/8/2016,"Stein, Jill",GRE,5735,0.018000176,No,Other
10,Alaska,AK,11/8/2016,"Castle, Darrell L.",CON,3866,0.012134033,No,Other
11,Alaska,AK,11/8/2016,"De La Fuente, Roque",NAF,1240,0.00389193,No,Other
12,Arizona,AZ,11/8/2016,"Trump, Donald J.",REP,1252401,0.486716165,Yes,Republican
13,Arizona,AZ,11/8/2016,"Clinton, Hillary",DEM,1161167,0.451260218,No,Democrat
14,Arizona,AZ,11/8/2016,"Johnson, Gary",LIB,106327,0.041321485,No,Other
15,Arizona,AZ,11/8/2016,"Stein, Jill",GRE,34345,0.013347376,No,Other
16,Arizona,AZ,11/8/2016,"McMullin, Evan",W,17449,0.006781143,No,Other
17,Arizona,AZ,11/8/2016,"Castle, Darrell ",W,1058,0.000411167,No,Other
18,Arizona,AZ,11/8/2016,"Hoefling, Tom ",W,85,3.30E-05,No,Other
19,Arizona,AZ,11/8/2016,"Smith, Mike",W,62,2.41E-05,No,Other
20,Arizona,AZ,11/8/2016,"Buchanan, Robert L.",W,56,2.18E-05,No,Other
21,Arizona,AZ,11/8/2016,"Kotlikoff, Laurence",W,52,2.02E-05,No,Other
22,Arizona,AZ,11/8/2016,"Carter, Willie Felix",DEM,42,1.63E-05,No,Democrat
23,Arizona,AZ,11/8/2016,"De La Fuente, ""Rocky"" Roque",W,29,1.13E-05,No,Other
24,Arizona,AZ,11/8/2016,"In-Albon, Mitchell",W,24,9.33E-06,No,Other
25,Arizona,AZ,11/8/2016,"Maldonado, Joseph",W,20,7.77E-06,No,Other
26,Arizona,AZ,11/8/2016,"Fox, Cherunda",W,14,5.44E-06,No,Other
27,Arizona,AZ,11/8/2016,"Tittle, Sheila ""Samm""",W,12,4.66E-06,No,Other
28,Arizona,AZ,11/8/2016,"Hartnell, Ben",W,11,4.27E-06,No,Other
29,Arizona,AZ,11/8/2016,"Schoenke, Marshall",W,4,1.55E-06,No,Other
30,Arizona,AZ,11/8/2016,"Steinacker, Delano",W,4,1.55E-06,No,Other
31,Arizona,AZ,11/8/2016,"Corsetti, Michael",W,3,1.17E-06,No,Other
32,Arkansas,AR,11/8/2016,"Trump, Donald J.",REP,684872,0.605719057,Yes,Republican
33,Arkansas,AR,11/8/2016,"Clinton, Hillary",DEM,380494,0.336519038,No,Democrat
34,Arkansas,AR,11/8/2016,"Johnson, Gary",LIB,29949,0.026487694,No,Other
35,Arkansas,AR,11/8/2016,"McMullin, Evan ",BFA,13176,0.011653206,No,Other
36,Arkansas,AR,11/8/2016,"Stein, Jill",GRE,9473,0.008378174,No,Other
37,Arkansas,AR,11/8/2016,"Hedges, Jim",IND,4709,0.004164765,No,Other
38,Arkansas,AR,11/8/2016,"Castle, Darrell L.",CON,4613,0.00407986,No,Other
39,Arkansas,AR,11/8/2016,"Kahn, Lynn S.",IND,3390,0.002998206,No,Other
40,California,CA,11/8/2016,"Clinton, Hillary",DEM,8753792,0.617263886,Yes,Democrat
41,California,CA,11/8/2016,"Trump, Donald J.",REP/AIP,4483814,0.316171147,No,Other
42,California,CA,11/8/2016,"Johnson, Gary",LIB,478500,0.033740894,No,Other
43,California,CA,11/8/2016,"Stein, Jill",GRE,278658,0.019649258,No,Other
44,California,CA,11/8/2016,"Sanders, Bernie",W,79341,0.005594642,No,Other
45,California,CA,11/8/2016,"La Riva, Gloria Estela",PAF,66101,0.004661038,No,Other
46,California,CA,11/8/2016,"McMullin, Evan ",W,39596,0.002792068,No,Other
47,California,CA,11/8/2016,"Maturen, Mike",W,1316,9.28E-05,No,Other
48,California,CA,11/8/2016,"Kotlikoff, Laurence",W,402,2.83E-05,No,Other
49,California,CA,11/8/2016,"White, Jerry",W,84,5.92E-06,No,Other
50,Colorado,CO,11/8/2016,"Clinton, Hillary",DEM,1338870,0.481565127,Yes,Democrat
51,Colorado,CO,11/8/2016,"Trump, Donald J.",REP,1202484,0.432509773,No,Republican
52,Colorado,CO,11/8/2016,"Johnson, Gary",LIB,144121,0.051837481,No,Other
53,Colorado,CO,11/8/2016,"Stein, Jill",GRE,38437,0.013825031,No,Other
54,Colorado,CO,11/8/2016,"McMullin, Evan",UN,28917,0.010400874,No,Other
55,Colorado,CO,11/8/2016,"Castle, Darrell L.",AMC,11699,0.0042079,No,Other
56,Colorado,CO,11/8/2016,"Keniston, Chris",VPA,5028,0.001808472,No,Other
57,Colorado,CO,11/8/2016,"Smith, Mike",UN,1819,0.000654258,No,Other
58,Colorado,CO,11/8/2016,"De La Fuente, ""Rocky"" Roque",W,1255,0.000451399,No,Other
59,Colorado,CO,11/8/2016,"Kopitke, Kyle Kenley",IAP,1096,0.00039421,No,Other
60,Colorado,CO,11/8/2016,"Maldonado, Joseph Allen",IPC,872,0.000313641,No,Other
61,Colorado,CO,11/8/2016,"Maturen, Michael A.",ASP,862,0.000310044,No,Other
62,Colorado,CO,11/8/2016,"Silva, Rod",NTP,751,0.00027012,No,Other
63,Colorado,CO,11/8/2016,"Scott, Ryan Alan",UN,749,0.000269401,No,Other
64,Colorado,CO,11/8/2016,"Hoefling, Tom ",AMP,710,0.000255373,No,Other
65,Colorado,CO,11/8/2016,"La Riva, Gloria Estela",SLP,531,0.00019099,No,Other
66,Colorado,CO,11/8/2016,"Kennedy, Alyson",SWP,452,0.000162575,No,Other
67,Colorado,CO,11/8/2016,"Kotlikoff, Laurence",KFP,392,0.000140995,No,Other
68,Colorado,CO,11/8/2016,"Lyttle, Bradford",NRP,382,0.000137398,No,Other
69,Colorado,CO,11/8/2016,"Atwood, Frank",APV,337,0.000121212,No,Other
70,Colorado,CO,11/8/2016,"Soltysik, Emidio",SOC,271,9.75E-05,No,Other
71,Colorado,CO,11/8/2016,"Hedges, James",P,185,6.65E-05,No,Other
72,Colorado,CO,11/8/2016,"Perry, David",W,11,3.96E-06,No,Other
73,Colorado,CO,11/8/2016,"Sterner, Corey",W,6,2.16E-06,No,Other
74,Colorado,CO,11/8/2016,"Perry, Brian Anthony",W,4,1.44E-06,No,Other
75,Colorado,CO,11/8/2016,"Lohmiller, Bruce",W,3,1.08E-06,No,Other
76,Colorado,CO,11/8/2016,"Fox, Cherunda",W,2,7.19E-07,No,Other
77,Colorado,CO,11/8/2016,"Nieman, Thomas J.",W,1,3.60E-07,No,Other
78,Connecticut,CT,11/8/2016,"Clinton, Hillary",DEM,897572,0.545663011,Yes,Democrat
79,Connecticut,CT,11/8/2016,"Trump, Donald J.",REP,673215,0.409269144,No,Republican
80,Connecticut,CT,11/8/2016,"Johnson, Gary",LIB,48676,0.029591713,No,Other
81,Connecticut,CT,11/8/2016,"Stein, Jill",GRE,22841,0.013885782,No,Other
82,Connecticut,CT,11/8/2016,"McMullin, Evan ",W,2108,0.001281521,No,Other
83,Connecticut,CT,11/8/2016,"Castle, Darrell L.",W,147,8.94E-05,No,Other
84,Connecticut,CT,11/8/2016,"Cooper, Jeffrey A.",W,57,3.47E-05,No,Other
85,Connecticut,CT,11/8/2016,"Evans, Ronald",W,44,2.67E-05,No,Other
86,Connecticut,CT,11/8/2016,"Basiago, Andrew D. ",W,42,2.55E-05,No,Other
87,Connecticut,CT,11/8/2016,"La Riva, Gloria",W,41,2.49E-05,No,Other
88,Connecticut,CT,11/8/2016,"Hoefling, Tom ",W,31,1.88E-05,No,Other
89,Connecticut,CT,11/8/2016,"Kotlikoff, Laurence",W,23,1.40E-05,No,Other
90,Connecticut,CT,11/8/2016,"Buchanan, Robert L.",W,19,1.16E-05,No,Other
91,Connecticut,CT,11/8/2016,"Wu, Jeffrey Anthony",W,18,1.09E-05,No,Other
92,Connecticut,CT,11/8/2016,"Schoenke, Marshall",W,15,9.12E-06,No,Other
93,Connecticut,CT,11/8/2016,"Deame, Kevin",W,13,7.90E-06,No,Other
94,Connecticut,CT,11/8/2016,"Blumenthal, Paul E.",W,12,7.30E-06,No,Other
95,Connecticut,CT,11/8/2016,"De La Fuente, ""Rocky"" Roque",W,12,7.30E-06,No,Other
96,Connecticut,CT,11/8/2016,"Smith, Mike",W,12,7.30E-06,No,Other
97,Connecticut,CT,11/8/2016,"Klojzy, Jeffrey John, Jr.",W,6,3.65E-06,No,Other
98,Connecticut,CT,11/8/2016,"Cummings, Darryl",W,5,3.04E-06,No,Other
99,Connecticut,CT,11/8/2016,"Maldonado, Joseph",W,4,2.43E-06,No,Other
100,Connecticut,CT,11/8/2016,"Skewes, Peter",W,4,2.43E-06,No,Other
101,Connecticut,CT,11/8/2016,"Fox, Cherunda",W,3,1.82E-06,No,Other
102,Delaware,DE,11/8/2016,"Clinton, Hillary",DEM,235603,0.530859775,Yes,Democrat
103,Delaware,DE,11/8/2016,"Trump, Donald J.",REP,185127,0.417127445,No,Republican
104,Delaware,DE,11/8/2016,"Johnson, Gary",LIB,14757,0.033250416,No,Other
105,Delaware,DE,11/8/2016,"Stein, Jill",GRE,6103,0.013751256,No,Other
106,Delaware,DE,11/8/2016,Other,W,1407,0.003170247,No,Other
107,Delaware,DE,11/8/2016,"McMullin, Evan",W,706,0.001590756,No,Other
108,Delaware,DE,11/8/2016,"Castle, Darrell L.",W,74,0.000166737,No,Other
109,Delaware,DE,11/8/2016,"Hoefling, Thomas Conrad",W,7,1.58E-05,No,Other
110,Delaware,DE,11/8/2016,"Buchanan, Robert L.",W,4,9.01E-06,No,Other
111,Delaware,DE,11/8/2016,"De La Fuente, ""Rocky"" Roque",W,3,6.76E-06,No,Other
112,Delaware,DE,11/8/2016,"Hartnell, Benjamin",W,3,6.76E-06,No,Other
113,Delaware,DE,11/8/2016,"LaRiva, Gloria",W,3,6.76E-06,No,Other
114,Delaware,DE,11/8/2016,"Limbaugh, David",W,3,6.76E-06,No,Other
115,Delaware,DE,11/8/2016,"Smith, Mike",W,3,6.76E-06,No,Other
116,Delaware,DE,11/8/2016,"Scott, Ryan Alan",W,2,4.51E-06,No,Other
117,Delaware,DE,11/8/2016,"White, Jerry",W,2,4.51E-06,No,Other
118,Delaware,DE,11/8/2016,"Duncan, Richard",W,1,2.25E-06,No,Other
119,Delaware,DE,11/8/2016,"Kahn, Lynn",W,1,2.25E-06,No,Other
120,Delaware,DE,11/8/2016,"Locke, Star",W,1,2.25E-06,No,Other
121,Delaware,DE,11/8/2016,"Maldonado, Joseph A.",W,1,2.25E-06,No,Other
122,Delaware,DE,11/8/2016,"Perry, Darryl W.",W,1,2.25E-06,No,Other
123,Delaware,DE,11/8/2016,"Sood, Ajay",W,1,2.25E-06,No,Other
124,Delaware,DE,11/8/2016,"Stout, Matthew Water",W,1,2.25E-06,No,Other
125,District of Columbia,DC,11/8/2016,"Clinton, Hillary",DEM,282830,0.908638215,Yes,Democrat
126,District of Columbia,DC,11/8/2016,"Trump, Donald J.",REP,12723,0.040874745,No,Republican
127,District of Columbia,DC,11/8/2016,Scattered,W,6551,0.021046172,No,Other
128,District of Columbia,DC,11/8/2016,"Johnson, Gary",LIB,4906,0.015761337,No,Other
129,District of Columbia,DC,11/8/2016,"Stein, Jill",STG,4258,0.01367953,No,Other
130,Florida,FL,11/8/2016,"Trump, Donald J.",REP,4617886,0.490219414,Yes,Republican
131,Florida,FL,11/8/2016,"Clinton, Hillary",DEM,4504975,0.478233158,No,Democrat
132,Florida,FL,11/8/2016,"Johnson, Gary",LBF,207043,0.021978996,No,Other
133,Florida,FL,11/8/2016,"Stein, Jill",GPF,64399,0.006836384,No,Other
134,Florida,FL,11/8/2016,"Castle, Darrell L.",CPF,16475,0.001748931,No,Other
135,Florida,FL,11/8/2016,"De La Fuente, Roque (Rocky)",RPF,9108,0.000966875,No,Other
136,Florida,FL,11/8/2016,"Kotlikoff, Laurence J.",W,74,7.86E-06,No,Other
137,Florida,FL,11/8/2016,"Duncan, Richard",W,25,2.65E-06,No,Other
138,Florida,FL,11/8/2016,"Basiago, Andrew D.",W,24,2.55E-06,No,Other
139,Florida,FL,11/8/2016,"Gyurko, Zoltan Istvan",W,19,2.02E-06,No,Other
140,Florida,FL,11/8/2016,"Valdivia, Anthony ""Tony"" Joseph",W,9,9.55E-07,No,Other
141,Florida,FL,11/8/2016,"Fox, Cherunda",W,2,2.12E-07,No,Other
142,Georgia,GA,11/8/2016,"Trump, Donald J.",REP,2089104,0.507713261,Yes,Republican
143,Georgia,GA,11/8/2016,"Clinton, Hillary",DEM,1877963,0.456399834,No,Democrat
144,Georgia,GA,11/8/2016,"Johnson, Gary",LIB,125306,0.030453016,No,Other
145,Georgia,GA,11/8/2016,"McMullin, Evan",W,13017,0.003163511,No,Other
146,Georgia,GA,11/8/2016,"Stein, Jill",W,7674,0.001865006,No,Other
147,Georgia,GA,11/8/2016,"Castle, Darrell",W,1110,0.000269762,No,Other
148,Georgia,GA,11/8/2016,"Maturen, Mike",W,151,3.67E-05,No,Other
149,Georgia,GA,11/8/2016,"Fox, Cherunda",W,78,1.90E-05,No,Other
150,Georgia,GA,11/8/2016,"Hoefling, Thomas",W,70,1.70E-05,No,Other
151,Georgia,GA,11/8/2016,"Smith, Michael L.",W,53,1.29E-05,No,Other
152,Georgia,GA,11/8/2016,"Kotlikoff, Laurence",W,34,8.26E-06,No,Other
153,Georgia,GA,11/8/2016,"Wilson, Sandra",W,32,7.78E-06,No,Other
154,Georgia,GA,11/8/2016,"Buchanan, Robert",W,31,7.53E-06,No,Other
155,Georgia,GA,11/8/2016,"Muhammad, Ricky",W,30,7.29E-06,No,Other
156,Georgia,GA,11/8/2016,"Cubbler, Scott",W,24,5.83E-06,No,Other
157,Georgia,GA,11/8/2016,"Collins, Loren",W,22,5.35E-06,No,Other
158,Georgia,GA,11/8/2016,"Elliott, Claire Elisabeth",W,15,3.65E-06,No,Other
159,Georgia,GA,11/8/2016,"Byrne, David C.",W,8,1.94E-06,No,Other
160,Georgia,GA,11/8/2016,"Allen, Stephen L.",W,5,1.22E-06,No,Other
161,Georgia,GA,11/8/2016,"Urbach, Marc",W,5,1.22E-06,No,Other
162,Hawaii,HI,11/8/2016,"Clinton, Hillary",DEM,266891,0.622214917,Yes,Democrat
163,Hawaii,HI,11/8/2016,"Trump, Donald J.",REP,128847,0.30038677,No,Republican
164,Hawaii,HI,11/8/2016,"Johnson, Gary",LIB,15954,0.037194273,No,Other
165,Hawaii,HI,11/8/2016,"Stein, Jill",GRE,12737,0.029694337,No,Other
166,Hawaii,HI,11/8/2016,"Castle, Darrell L.",CON,4508,0.010509702,No,Other
167,Idaho,ID,11/8/2016,"Trump, Donald J.",REP,409055,0.592614324,Yes,Republican
168,Idaho,ID,11/8/2016,"Clinton, Hillary",DEM,189765,0.274920138,No,Democrat
169,Idaho,ID,11/8/2016,"McMullin, Evan",IND,46476,0.067331638,No,Other
170,Idaho,ID,11/8/2016,"Johnson, Gary",LIB,28331,0.041044252,No,Other
171,Idaho,ID,11/8/2016,"Stein, Jill",IND,8496,0.012308495,No,Other
172,Idaho,ID,11/8/2016,"Castle, Darrell L.",IND,4403,0.006378802,No,Other
173,Idaho,ID,11/8/2016,"Copeland, Scott",CON,2356,0.003413231,No,Other
174,Idaho,ID,11/8/2016,"De La Fuente, Rocky",IND,1373,0.00198912,No,Other
175,Illinois,IL,11/8/2016,"Clinton, Hillary",DEM,3090729,0.558253667,Yes,Democrat
176,Illinois,IL,11/8/2016,"Trump, Donald J.",REP,2146015,0.387617531,No,Republican
177,Illinois,IL,11/8/2016,"Johnson, Gary",LIB,209596,0.03785765,No,Other
178,Illinois,IL,11/8/2016,"Stein, Jill",GRE,76802,0.013872131,No,Other
179,Illinois,IL,11/8/2016,"McMullin, Evan",W,11655,0.002105149,No,Other
180,Illinois,IL,11/8/2016,"Castle, Darrell",W,1138,0.000205548,No,Other
181,Illinois,IL,11/8/2016,"Hoefling, Tom ",W,175,3.16E-05,No,Other
182,Illinois,IL,11/8/2016,"Kotlikoff, Laurence",W,82,1.48E-05,No,Other
183,Illinois,IL,11/8/2016,"Anderson, James",W,61,1.10E-05,No,Other
184,Illinois,IL,11/8/2016,"Seeberg, Phillip",W,27,4.88E-06,No,Other
185,Illinois,IL,11/8/2016,"Schoenke, Marshall Roy",W,25,4.52E-06,No,Other
186,Illinois,IL,11/8/2016,"McKee, Kevin",W,24,4.33E-06,No,Other
187,Illinois,IL,11/8/2016,"Maldonado, Joseph A. ",W,20,3.61E-06,No,Other
188,Illinois,IL,11/8/2016,"Breivogel, Joann",W,12,2.17E-06,No,Other
189,Illinois,IL,11/8/2016,"Morris, Laio",W,10,1.81E-06,No,Other
190,Illinois,IL,11/8/2016,"Stack, David G.",W,10,1.81E-06,No,Other
191,Illinois,IL,11/8/2016,"Roberts, Matthew ",W,8,1.44E-06,No,Other
192,Illinois,IL,11/8/2016,"Lee, Jonathan ",W,7,1.26E-06,No,Other
193,Illinois,IL,11/8/2016,"Hartnell, Ben",W,6,1.08E-06,No,Other
194,Illinois,IL,11/8/2016,"Brumfield, Author C.",W,5,9.03E-07,No,Other
195,Illinois,IL,11/8/2016,"Smith, Duff Cooper",W,4,7.22E-07,No,Other
196,Illinois,IL,11/8/2016,"Fox, Cherunda",W,3,5.42E-07,No,Other
197,Illinois,IL,11/8/2016,"Meluch, Timothy B.",W,3,5.42E-07,No,Other
198,Illinois,IL,11/8/2016,"Tyree, Roy Wayne",W,3,5.42E-07,No,Other
199,Illinois,IL,11/8/2016,"Harper, Mark J.",W,1,1.81E-07,No,Other
200,Illinois,IL,11/8/2016,"Johnson, Nathan",W,1,1.81E-07,No,Other
201,Illinois,IL,11/8/2016,"Struck, James T.",W,1,1.81E-07,No,Other
202,Illinois,IL,11/8/2016,"Wysinger, Dem J.",W,1,1.81E-07,No,Other
203,Indiana,IN,11/8/2016,"Trump, Donald J.",REP,1557286,0.569400334,Yes,Republican
204,Indiana,IN,11/8/2016,"Clinton, Hillary",DEM,1033126,0.377748397,No,Democrat
205,Indiana,IN,11/8/2016,"Johnson, Gary",LIB,133993,0.048992708,No,Other
206,Indiana,IN,11/8/2016,"Stein, Jill",W,7841,0.002866954,No,Other
207,Indiana,IN,11/8/2016,"Castle, Darrell L.",W,1937,0.000708238,No,Other
208,Indiana,IN,11/8/2016,"Hoefling, Tom ",W,269,9.84E-05,No,Other
209,Indiana,IN,11/8/2016,"Roberts, Matthew ",W,148,5.41E-05,No,Other
210,Indiana,IN,11/8/2016,"Jackson, Denny Carroll",W,121,4.42E-05,No,Other
211,Indiana,IN,11/8/2016,"Soltysik, Emidio",W,57,2.08E-05,No,Other
212,Indiana,IN,11/8/2016,"Kotlikoff, Laurence",W,49,1.79E-05,No,Other
213,Indiana,IN,11/8/2016,"Kelly, Melissa L.",W,44,1.61E-05,No,Other
214,Indiana,IN,11/8/2016,"Duncan, Richard",W,25,9.14E-06,No,Other
215,Indiana,IN,11/8/2016,"Mullis, Richard G.",W,22,8.04E-06,No,Other
216,Indiana,IN,11/8/2016,"De La Fuente, Roque",W,21,7.68E-06,No,Other
217,Indiana,IN,11/8/2016,"Brown, Ray C.",IND,11,4.02E-06,No,Other
218,Indiana,IN,11/8/2016,"Maldonado, Joseph",W,7,2.56E-06,No,Other
219,Indiana,IN,11/8/2016,"Fox, Cherunda",W,1,3.66E-07,No,Other
220,Iowa,IA,11/8/2016,"Trump, Donald J.",REP,800983,0.511473272,Yes,Republican
221,Iowa,IA,11/8/2016,"Clinton, Hillary",DEM,653669,0.417404892,No,Democrat
222,Iowa,IA,11/8/2016,"Johnson, Gary",LIB,59186,0.037793632,No,Other
223,Iowa,IA,11/8/2016,Scattered,W,17746,0.011331832,No,Other
224,Iowa,IA,11/8/2016,"McMullin, Evan",NP,12366,0.007896395,No,Other
225,Iowa,IA,11/8/2016,"Stein, Jill",IG,11479,0.007329995,No,Other
226,Iowa,IA,11/8/2016,"Castle, Darrell L.",CON,5335,0.003406701,No,Other
227,Iowa,IA,11/8/2016,"Kahn, Lynn ",NPI,2247,0.001434837,No,Other
228,Iowa,IA,11/8/2016,"Vacek, Dan R. ",LMN,2246,0.001434199,No,Other
229,Iowa,IA,11/8/2016,"De La Fuente, Rocky Roque",NP,451,0.000287989,No,Other
230,Iowa,IA,11/8/2016,"La Riva, Gloria",PSL,323,0.000206254,No,Other
231,Kansas,KS,11/8/2016,"Trump, Donald J.",REP,671018,0.566545818,Yes,Republican
232,Kansas,KS,11/8/2016,"Clinton, Hillary",DEM,427005,0.360523707,No,Democrat
233,Kansas,KS,11/8/2016,"Johnson, Gary",LIB,55406,0.046779725,No,Other
234,Kansas,KS,11/8/2016,"Stein, Jill",IND,23506,0.019846302,No,Other
235,Kansas,KS,11/8/2016,"McMullin, Evan ",W,6520,0.005504888,No,Other
236,Kansas,KS,11/8/2016,"Castle, Darrell L.",W,646,0.000545423,No,Other
237,Kansas,KS,11/8/2016,"Maturen, Michael A.",W,214,0.000180682,No,Other
238,Kansas,KS,11/8/2016,"Hoefling, Tom ",W,45,3.80E-05,No,Other
239,Kansas,KS,11/8/2016,"Sood, Ajay",W,10,8.44E-06,No,Other
240,Kansas,KS,11/8/2016,"La Riva, Gloria",W,7,5.91E-06,No,Other
241,Kansas,KS,11/8/2016,"Basiago, Andrew D.",W,6,5.07E-06,No,Other
242,Kansas,KS,11/8/2016,"Smith, Mike",W,6,5.07E-06,No,Other
243,Kansas,KS,11/8/2016,"De La Fuente, ""Rocky"" Roque",W,3,2.53E-06,No,Other
244,Kansas,KS,11/8/2016,"Hedges, James A.",W,3,2.53E-06,No,Other
245,Kansas,KS,11/8/2016,"Schriner, Joe C.",W,3,2.53E-06,No,Other
246,Kansas,KS,11/8/2016,"Kahn, Lynn",W,2,1.69E-06,No,Other
247,Kansas,KS,11/8/2016,"Perry, Darryl",W,1,8.44E-07,No,Other
248,Kansas,KS,11/8/2016,"Sterling, Shawna",W,1,8.44E-07,No,Other
249,Kentucky,KY,11/8/2016,"Trump, Donald J.",REP,1202971,0.625196386,Yes,Republican
250,Kentucky,KY,11/8/2016,"Clinton, Hillary",DEM,628854,0.326821883,No,Democrat
251,Kentucky,KY,11/8/2016,"Johnson, Gary",LIB,53752,0.027935467,No,Other
252,Kentucky,KY,11/8/2016,"McMullin, Evan",IND,22780,0.011839,No,Other
253,Kentucky,KY,11/8/2016,"Stein, Jill",GRE,13913,0.007230729,No,Other
254,Kentucky,KY,11/8/2016,"De La Fuente, Rocky Roque",ADP,1128,0.000586233,No,Other
255,Kentucky,KY,11/8/2016,"Castle, Darrell L.",W,438,0.000227633,No,Other
256,Kentucky,KY,11/8/2016,"Maturen, Michael A.",W,155,8.06E-05,No,Other
257,Kentucky,KY,11/8/2016,"Hoefling, Tom ",W,39,2.03E-05,No,Other
258,Kentucky,KY,11/8/2016,"Keniston, Chris",W,22,1.14E-05,No,Other
259,Kentucky,KY,11/8/2016,"Jackson, Denny Carroll",W,18,9.35E-06,No,Other
260,Kentucky,KY,11/8/2016,"Ellis, Craig",W,14,7.28E-06,No,Other
261,Kentucky,KY,11/8/2016,"Stevens, Timothy Allen",W,12,6.24E-06,No,Other
262,Kentucky,KY,11/8/2016,"Smith, Mike",W,9,4.68E-06,No,Other
263,Kentucky,KY,11/8/2016,"Kotlikoff, Laurence",W,8,4.16E-06,No,Other
264,Kentucky,KY,11/8/2016,"Cubbler, Scott",W,6,3.12E-06,No,Other
265,Kentucky,KY,11/8/2016,"Luesing, Richard Turner, Jr.",W,6,3.12E-06,No,Other
266,Kentucky,KY,11/8/2016,"Hartnell, Ben",W,5,2.60E-06,No,Other
267,Kentucky,KY,11/8/2016,"Perry, David",W,4,2.08E-06,No,Other
268,Kentucky,KY,11/8/2016,"White, Jerry",W,4,2.08E-06,No,Other
269,Kentucky,KY,11/8/2016,"Clark, Santa Roy A.",W,2,1.04E-06,No,Other
270,Kentucky,KY,11/8/2016,"Duncan, Richard",W,2,1.04E-06,No,Other
271,Kentucky,KY,11/8/2016,"Maldonado, Joseph",W,2,1.04E-06,No,Other
272,Kentucky,KY,11/8/2016,"Schoenke, Marshall",W,2,1.04E-06,No,Other
273,Kentucky,KY,11/8/2016,"Fox, Cherunda",W,1,5.20E-07,No,Other
274,Kentucky,KY,11/8/2016,"Ling, William Martin",W,1,5.20E-07,No,Other
275,Kentucky,KY,11/8/2016,"Tittle, Sheila ""Samm""",W,1,5.20E-07,No,Other
276,Louisiana,LA,11/8/2016,"Trump, Donald J.",REP,1178638,0.580886847,Yes,Republican
277,Louisiana,LA,11/8/2016,"Clinton, Hillary",DEM,780154,0.384495661,No,Democrat
278,Louisiana,LA,11/8/2016,"Johnson, Gary",LIB,37978,0.0187173,No,Other
279,Louisiana,LA,11/8/2016,"Stein, Jill",GRE,14031,0.00691512,No,Other
280,Louisiana,LA,11/8/2016,"McMullin, Evan",CCS,8547,0.004212353,No,Other
281,Louisiana,LA,11/8/2016,"Castle, Darrell",CON,3129,0.001542115,No,Other
282,Louisiana,LA,11/8/2016,"Keniston, Chris ",VP,1881,0.000927043,No,Other
283,Louisiana,LA,11/8/2016,"Hoefling, Tom ",LFC,1581,0.000779189,No,Other
284,Louisiana,LA,11/8/2016,"Kotlikoff, Laurence",IOC,1048,0.000516502,No,Other
285,Louisiana,LA,11/8/2016,"Jacob, Princess",LTC,749,0.000369142,No,Other
286,Louisiana,LA,11/8/2016,"Kennedy, Alyson",SWP,480,0.000236566,No,Other
287,Louisiana,LA,11/8/2016,"La Riva, Gloria",SLP,446,0.000219809,No,Other
288,Louisiana,LA,11/8/2016,"White, Jerry",SEA,370,0.000182353,No,Other
289,Maine,ME,11/8/2016,"Clinton, Hillary",DEM,357735,0.478302027,Yes,Democrat
290,Maine,ME,11/8/2016,"Trump, Donald J.",REP,335593,0.448697533,No,Republican
291,Maine,ME,11/8/2016,"Johnson, Gary",LIB,38105,0.050947486,No,Other
292,Maine,ME,11/8/2016,"Stein, Jill",GI,14251,0.019053999,No,Other
293,Maine,ME,11/8/2016,"McMullin, David Evan",W,1887,0.002522973,No,Other
294,Maine,ME,11/8/2016,"Castle, Darrell L.",W,333,0.000445231,No,Other
295,Maine,ME,11/8/2016,"Kotlikoff, Laurence J.",W,16,2.14E-05,No,Other
296,Maine,ME,11/8/2016,"Fox, Cherunda L.",W,7,9.36E-06,No,Other
297,Maryland,MD,11/8/2016,"Clinton, Hillary",DEM,1677928,0.603257442,Yes,Democrat
298,Maryland,MD,11/8/2016,"Trump, Donald J.",REP,943169,0.339093047,No,Republican
299,Maryland,MD,11/8/2016,"Johnson, Gary",LIB,79605,0.028620006,No,Other
300,Maryland,MD,11/8/2016,"Stein, Jill",GRE,35945,0.012923134,No,Other
301,Maryland,MD,11/8/2016,Other,W,33263,0.011958888,No,Other
302,Maryland,MD,11/8/2016,"McMullin, Evan",W,9630,0.003462228,No,Other
303,Maryland,MD,11/8/2016,"Castle, Darrell L.",W,566,0.000203491,No,Other
304,Maryland,MD,11/8/2016,"Maturen, Michael A.",W,504,0.000181201,No,Other
305,Maryland,MD,11/8/2016,"McCarthy, Stephen",W,97,3.49E-05,No,Other
306,Maryland,MD,11/8/2016,"Kotlikoff, Laurence",W,73,2.62E-05,No,Other
307,Maryland,MD,11/8/2016,"Boring, Paij",W,53,1.91E-05,No,Other
308,Maryland,MD,11/8/2016,"Reid, Janet L.",W,53,1.91E-05,No,Other
309,Maryland,MD,11/8/2016,"Carlisle, Martin",W,51,1.83E-05,No,Other
310,Maryland,MD,11/8/2016,"La Riva, Gloria",W,48,1.73E-05,No,Other
311,Maryland,MD,11/8/2016,"Adams, Paul",W,44,1.58E-05,No,Other
312,Maryland,MD,11/8/2016,"Hoefling, Tom",W,42,1.51E-05,No,Other
313,Maryland,MD,11/8/2016,"Gates, Jacqueline",W,36,1.29E-05,No,Other
314,Maryland,MD,11/8/2016,"Buchanan, Robert",W,25,8.99E-06,No,Other
315,Maryland,MD,11/8/2016,"Hartnell, Ben",W,24,8.63E-06,No,Other
316,Maryland,MD,11/8/2016,"Breivogel, Joann",W,20,7.19E-06,No,Other
317,Maryland,MD,11/8/2016,"Duncan, Richard",W,18,6.47E-06,No,Other
318,Maryland,MD,11/8/2016,"Kahn, Lynn",W,18,6.47E-06,No,Other
319,Maryland,MD,11/8/2016,"Pendleton, Cathy Johnson",W,17,6.11E-06,No,Other
320,Maryland,MD,11/8/2016,"Thomas, Mary E.",W,16,5.75E-06,No,Other
321,Maryland,MD,11/8/2016,"Brown, Dana E.",W,15,5.39E-06,No,Other
322,Maryland,MD,11/8/2016,"De La Fuente, Roque ""Rocky""",W,14,5.03E-06,No,Other
323,Maryland,MD,11/8/2016,"Smith, Michael L. ""Mike""",W,13,4.67E-06,No,Other
324,Maryland,MD,11/8/2016,"Soldjah, Sistah",W,13,4.67E-06,No,Other
325,Maryland,MD,11/8/2016,"Maldonado, Joseph A.",W,12,4.31E-06,No,Other
326,Maryland,MD,11/8/2016,"Smith, Coop",W,11,3.95E-06,No,Other
327,Maryland,MD,11/8/2016,"Valdivia, Anthony Tony J.",W,11,3.95E-06,No,Other
328,Maryland,MD,11/8/2016,"White, Jerry",W,11,3.95E-06,No,Other
329,Maryland,MD,11/8/2016,"Locke, Star",W,10,3.60E-06,No,Other
330,Maryland,MD,11/8/2016,"Symonette, Maurice",W,10,3.60E-06,No,Other
331,Maryland,MD,11/8/2016,"Fox, Cherunda",W,9,3.24E-06,No,Other
332,Maryland,MD,11/8/2016,"Schriner, Joe",W,9,3.24E-06,No,Other
333,Maryland,MD,11/8/2016,"Bolar, Shelia",W,7,2.52E-06,No,Other
334,Maryland,MD,11/8/2016,"Bowhall, William E., Jr.",W,7,2.52E-06,No,Other
335,Maryland,MD,11/8/2016,"Puskar, Michael B.",W,7,2.52E-06,No,Other
336,Maryland,MD,11/8/2016,"Flippin, Ameer",W,6,2.16E-06,No,Other
337,Maryland,MD,11/8/2016,"Soltysik, Emidio",W,6,2.16E-06,No,Other
338,Maryland,MD,11/8/2016,"Boyles, Michael David",W,5,1.80E-06,No,Other
339,Maryland,MD,11/8/2016,"Hedges, James",W,5,1.80E-06,No,Other
340,Maryland,MD,11/8/2016,"Brown, Theodis, Sr.",W,4,1.44E-06,No,Other
341,Maryland,MD,11/8/2016,"Jennings, Gerald, II",W,4,1.44E-06,No,Other
342,Maryland,MD,11/8/2016,"Schoenke, Marshall",W,3,1.08E-06,No,Other
343,Maryland,MD,11/8/2016,"Keita, Mohammed",W,2,7.19E-07,No,Other
344,Maryland,MD,11/8/2016,"Vogel-Walcutt, J. J.",W,2,7.19E-07,No,Other
345,Maryland,MD,11/8/2016,"Edgell, Richard Baxter",W,1,3.60E-07,No,Other
346,Maryland,MD,11/8/2016,"Terry, Doug",W,1,3.60E-07,No,Other
347,Maryland,MD,11/8/2016,"Vakil, Kora Roberta Katz",W,1,3.60E-07,No,Other
348,Maryland,MD,11/8/2016,"Williams, Mitchell",W,1,3.60E-07,No,Other
349,Maryland,MD,11/8/2016,"Wysinger, Demetra Jefferson",W,1,3.60E-07,No,Other
350,Massachusetts,MA,11/8/2016,"Clinton, Hillary",DEM,1995196,0.600050646,Yes,Democrat
351,Massachusetts,MA,11/8/2016,"Trump, Donald J.",REP,1090893,0.328083581,No,Republican
352,Massachusetts,MA,11/8/2016,"Johnson, Gary",LIB,138018,0.041508599,No,Other
353,Massachusetts,MA,11/8/2016,All Others,W,50488,0.015184151,No,Other
354,Massachusetts,MA,11/8/2016,"Stein, Jill",GR,47661,0.014333937,No,Other
355,Massachusetts,MA,11/8/2016,"McMullin, David",W,2719,0.000817733,No,Other
356,Massachusetts,MA,11/8/2016,"Feegbeh, William",W,28,8.42E-06,No,Other
357,Massachusetts,MA,11/8/2016,"Kotlikoff, Laurence",W,28,8.42E-06,No,Other
358,Massachusetts,MA,11/8/2016,"Moorehead, Monica G.",W,15,4.51E-06,No,Other
359,Michigan,MI,11/8/2016,"Trump, Donald J.",REP,2279543,0.474975642,Yes,Republican
360,Michigan,MI,11/8/2016,"Clinton, Hillary",DEM,2268839,0.47274531,No,Democrat
361,Michigan,MI,11/8/2016,"Johnson, Gary",LIB,172136,0.035867017,No,Other
362,Michigan,MI,11/8/2016,"Stein, Jill",GRE,51463,0.010723058,No,Other
363,Michigan,MI,11/8/2016,"Castle, Darrell L.",UST,16139,0.003362793,No,Other
364,Michigan,MI,11/8/2016,"McMullin, Evan",W,8177,0.001703796,No,Other
365,Michigan,MI,11/8/2016,"Soltysik, Emidio Mimi",NLP,2209,0.000460277,No,Other
366,Michigan,MI,11/8/2016,"Maturen, Michael A.",W,517,0.000107724,No,Other
367,Michigan,MI,11/8/2016,"Hoefling, Tom ",W,95,1.98E-05,No,Other
368,Michigan,MI,11/8/2016,"Kotlikoff, Laurence",W,87,1.81E-05,No,Other
369,Michigan,MI,11/8/2016,"Hartnell, Ben ",W,39,8.13E-06,No,Other
370,Michigan,MI,11/8/2016,"Moorehead, Monica",W,30,6.25E-06,No,Other
371,Michigan,MI,11/8/2016,"Fox, Cherunda",W,10,2.08E-06,No,Other
372,Minnesota,MN,11/8/2016,"Clinton, Hillary",DEM,1367716,0.464449186,Yes,Democrat
373,Minnesota,MN,11/8/2016,"Trump, Donald J.",REP,1322951,0.449247881,No,Republican
374,Minnesota,MN,11/8/2016,"Johnson, Gary",LIB,112972,0.038363047,No,Other
375,Minnesota,MN,11/8/2016,"McMullin, Evan",IDP,53076,0.018023555,No,Other
376,Minnesota,MN,11/8/2016,"Stein, Jill",GRE,36985,0.012559371,No,Other
377,Minnesota,MN,11/8/2016,Scattered,W,26714,0.009071544,No,Other
378,Minnesota,MN,11/8/2016,"Vacek, Dan R. ",LMN,11291,0.003834199,No,Other
379,Minnesota,MN,11/8/2016,"Castle, Darrell",CON,9456,0.00321107,No,Other
380,Minnesota,MN,11/8/2016,"Kennedy, Alyson",SWP,1672,0.000567778,No,Other
381,Minnesota,MN,11/8/2016,"De La Fuente, ""Rocky"" Roque",ADP,1431,0.000485939,No,Other
382,Minnesota,MN,11/8/2016,"Maturen, Michael Andrew",W,244,8.29E-05,No,Other
383,Minnesota,MN,11/8/2016,"Wharton, Jeffrey Ryan, Sr.",W,53,1.80E-05,No,Other
384,Minnesota,MN,11/8/2016,"Bartlett, Henry",W,41,1.39E-05,No,Other
385,Minnesota,MN,11/8/2016,"Keniston, Chris",W,31,1.05E-05,No,Other
386,Minnesota,MN,11/8/2016,"Muffoletto, Daniel",W,29,9.85E-06,No,Other
387,Minnesota,MN,11/8/2016,"Hoefling, Tom",W,28,9.51E-06,No,Other
388,Minnesota,MN,11/8/2016,"Ball, Dennis Andrew",W,24,8.15E-06,No,Other
389,Minnesota,MN,11/8/2016,"Kotlikoff, Laurence",W,17,5.77E-06,No,Other
390,Minnesota,MN,11/8/2016,"Roberts, Clifton",W,15,5.09E-06,No,Other
391,Minnesota,MN,11/8/2016,"Soltysik, Emidio",W,15,5.09E-06,No,Other
392,Minnesota,MN,11/8/2016,"La Riva, Gloria",W,12,4.07E-06,No,Other
393,Minnesota,MN,11/8/2016,"White, Jerome S. (Jerry)",W,10,3.40E-06,No,Other
394,Minnesota,MN,11/8/2016,"Schriner, Joe",W,4,1.36E-06,No,Other
395,Minnesota,MN,11/8/2016,"Sidner, Arthur E.",W,4,1.36E-06,No,Other
396,Minnesota,MN,11/8/2016,"Wettschreck, Kirk",W,4,1.36E-06,No,Other
397,Minnesota,MN,11/8/2016,"Smith, Michael L. ""Mike""",W,3,1.02E-06,No,Other
398,Minnesota,MN,11/8/2016,"Hartnell, Ben",W,2,6.79E-07,No,Other
399,Minnesota,MN,11/8/2016,"Koplitz, Roger",W,2,6.79E-07,No,Other
400,Minnesota,MN,11/8/2016,"Mallapadi, Srinivasa K.",W,2,6.79E-07,No,Other
401,Minnesota,MN,11/8/2016,"Payeur, Micah",W,2,6.79E-07,No,Other
402,Minnesota,MN,11/8/2016,"Duncan, Richard",W,1,3.40E-07,No,Other
403,Minnesota,MN,11/8/2016,"Gerhard, Eric",W,1,3.40E-07,No,Other
404,Minnesota,MN,11/8/2016,"Lynch, Darin",W,1,3.40E-07,No,Other
405,Minnesota,MN,11/8/2016,"Roberts, Matthew",W,1,3.40E-07,No,Other
406,Minnesota,MN,11/8/2016,"Robertson, Platt",W,1,3.40E-07,No,Other
407,Minnesota,MN,11/8/2016,"Schumacher, Derrick",W,1,3.40E-07,No,Other
408,Minnesota,MN,11/8/2016,"Snell, Keith Richard",W,1,3.40E-07,No,Other
409,Mississippi,MS,11/8/2016,"Trump, Donald J.",REP,700714,0.579410381,Yes,Republican
410,Mississippi,MS,11/8/2016,"Clinton, Hillary",DEM,485131,0.401147883,No,Democrat
411,Mississippi,MS,11/8/2016,"Johnson, Gary",LIB,14435,0.011936095,No,Other
412,Mississippi,MS,11/8/2016,"Castle, Darrell",CON,3987,0.003296793,No,Other
413,Mississippi,MS,11/8/2016,"Stein, Jill",GRE,3731,0.003085111,No,Other
414,Mississippi,MS,11/8/2016,"Hedges, Jim",P,715,0.000591223,No,Other
415,Mississippi,MS,11/8/2016,"De La Fuente, ""Rocky"" Roque",ADP,644,0.000532514,No,Other
416,Missouri,MO,11/8/2016,"Trump, Donald J.",REP,1594511,0.567723478,Yes,Republican
417,Missouri,MO,11/8/2016,"Clinton, Hillary",DEM,1071068,0.381352308,No,Democrat
418,Missouri,MO,11/8/2016,"Johnson, Gary",LIB,97359,0.03466454,No,Other
419,Missouri,MO,11/8/2016,"Stein, Jill ",GRE,25419,0.0090504,No,Other
420,Missouri,MO,11/8/2016,"Castle, Darrell L.",CON,13092,0.004661389,No,Other
421,Missouri,MO,11/8/2016,"McMullin, Evan",W,7071,0.00251762,No,Other
422,Missouri,MO,11/8/2016,"Hoefling, Tom ",W,48,1.71E-05,No,Other
423,Missouri,MO,11/8/2016,"Kotlikoff, Laurence",W,28,9.97E-06,No,Other
424,Missouri,MO,11/8/2016,"De La Fuente, ""Rocky"" Roque",W,6,2.14E-06,No,Other
425,Missouri,MO,11/8/2016,"Schoenke, Marshall",W,3,1.07E-06,No,Other
426,Montana,MT,11/8/2016,"Trump, Donald J.",REP,279240,0.561684974,Yes,Republican
427,Montana,MT,11/8/2016,"Clinton, Hillary",DEM,177709,0.357457653,No,Democrat
428,Montana,MT,11/8/2016,"Johnson, Gary",LIB,28037,0.056395794,No,Other
429,Montana,MT,11/8/2016,"Stein, Jill",GRE,7970,0.016031476,No,Other
430,Montana,MT,11/8/2016,"McMullin, Evan",W,2297,0.004620364,No,Other
431,Montana,MT,11/8/2016,"De La Fuente, ""Rocky"" Roque",ADP,1570,0.00315802,No,Other
432,Montana,MT,11/8/2016,"Castle, Darrell L.",W,296,0.000595397,No,Other
433,Montana,MT,11/8/2016,"Hoefling, Tom",W,10,2.01E-05,No,Other
434,Montana,MT,11/8/2016,"Kotlikoff, Laurence",W,7,1.41E-05,No,Other
435,Montana,MT,11/8/2016,"Basiago, Andrew D.",W,3,6.03E-06,No,Other
436,Montana,MT,11/8/2016,"Buchanan, Robert L.",W,2,4.02E-06,No,Other
437,Montana,MT,11/8/2016,"Maldonado, Joseph",W,1,2.01E-06,No,Other
438,Montana,MT,11/8/2016,"Morris, Laio",W,1,2.01E-06,No,Other
439,Montana,MT,11/8/2016,"Perry, Darryl W.",W,1,2.01E-06,No,Other
440,Montana,MT,11/8/2016,"Schriner, Joe",W,1,2.01E-06,No,Other
441,Montana,MT,11/8/2016,"Smith, Michael L. (Mike)",W,1,2.01E-06,No,Other
442,Montana,MT,11/8/2016,"Soltysik, Emidio",W,1,2.01E-06,No,Other
443,Nebraska,NE,11/8/2016,"Trump, Donald J.",REP,495961,0.587473511,Yes,Republican
444,Nebraska,NE,11/8/2016,"Clinton, Hillary",DEM,284494,0.336987564,No,Democrat
445,Nebraska,NE,11/8/2016,"Johnson, Gary",LIB,38946,0.046132142,No,Other
446,Nebraska,NE,11/8/2016,Scattered,W,16051,0.019012659,No,Other
447,Nebraska,NE,11/8/2016,"Stein, Jill",BP,8775,0.010394124,No,Other
448,Nevada,NV,11/8/2016,"Clinton, Hillary",DEM,539260,0.479178237,Yes,Democrat
449,Nevada,NV,11/8/2016,"Trump, Donald J.",REP,512058,0.455006953,No,Republican
450,Nevada,NV,11/8/2016,"Johnson, Gary",LIB,37384,0.033218854,No,Other
451,Nevada,NV,11/8/2016,None of These Candidates,,28863,0.025647223,No,Other
452,Nevada,NV,11/8/2016,"Castle, Darrell",IAP,5268,0.004681065,No,Other
453,Nevada,NV,11/8/2016,"De La Fuente, Roque ""Rocky""",NPY,2552,0.002267668,No,Other
454,New Hampshire,NH,11/8/2016,"Clinton, Hillary",DEM,348526,0.468262627,Yes,Democrat
455,New Hampshire,NH,11/8/2016,"Trump, Donald J.",REP,345790,0.46458667,No,Republican
456,New Hampshire,NH,11/8/2016,"Johnson, Gary",LIB,30777,0.041350484,No,Other
457,New Hampshire,NH,11/8/2016,"Stein, Jill ",GRE,6496,0.00872771,No,Other
458,New Hampshire,NH,11/8/2016,"Sanders, Bernie",W,4493,0.006036577,No,Other
459,New Hampshire,NH,11/8/2016,Scattered,W,2411,0.003239303,No,Other
460,New Hampshire,NH,11/8/2016,"Kasich, John",W,1365,0.001833948,No,Other
461,New Hampshire,NH,11/8/2016,"McMullin, Evan",W,1064,0.001429539,No,Other
462,New Hampshire,NH,11/8/2016,"Pence, Mike",W,937,0.001258908,No,Other
463,New Hampshire,NH,11/8/2016,"De La Fuente, Roque ""Rocky""",ADP,678,0.000910928,No,Other
464,New Hampshire,NH,11/8/2016,"Romney, Mitt",W,540,0.000725518,No,Other
465,New Hampshire,NH,11/8/2016,"Ryan, Paul",W,280,0.000376194,No,Other
466,New Hampshire,NH,11/8/2016,"Bush, Jeb ",W,230,0.000309017,No,Other
467,New Hampshire,NH,11/8/2016,"Rubio, Marco",W,136,0.000182723,No,Other
468,New Hampshire,NH,11/8/2016,"Cruz, Ted ",W,129,0.000173318,No,Other
469,New Hampshire,NH,11/8/2016,"McCain, John",W,127,0.000170631,No,Other
470,New Hampshire,NH,11/8/2016,"Paul, Ron or Rand",W,98,0.000131668,No,Other
471,New Hampshire,NH,11/8/2016,"Carson, Ben ",W,83,0.000111515,No,Other
472,New Hampshire,NH,11/8/2016,"Supreme, Vermin",W,58,7.79E-05,No,Other
473,New Hampshire,NH,11/8/2016,"Biden, Joe  ",W,55,7.39E-05,No,Other
474,New Hampshire,NH,11/8/2016,"Christie, Chris ",W,23,3.09E-05,No,Other
475,New Jersey,NJ,11/8/2016,"Clinton, Hillary",DEM,2148278,0.554530844,Yes,Democrat
476,New Jersey,NJ,11/8/2016,"Trump, Donald J.",REP,1601933,0.413503867,No,Republican
477,New Jersey,NJ,11/8/2016,"Johnson, Gary",LIB,72477,0.018708348,No,Other
478,New Jersey,NJ,11/8/2016,"Stein, Jill",GRE,37772,0.009750013,No,Other
479,New Jersey,NJ,11/8/2016,"Castle, Darrell",CON,6161,0.001590327,No,Other
480,New Jersey,NJ,11/8/2016,"Kennedy, Alyson",SWP,2156,0.000556524,No,Other
481,New Jersey,NJ,11/8/2016,"De La Fuente, Rocky Roque",ADP,1838,0.000474439,No,Other
482,New Jersey,NJ,11/8/2016,"Moorehead, Monica",WW,1749,0.000451466,No,Other
483,New Jersey,NJ,11/8/2016,"La Riva, Gloria",SLP,1682,0.000434171,No,Other
484,New Mexico,NM,11/8/2016,"Clinton, Hillary",DEM,385234,0.482556472,Yes,Democrat
485,New Mexico,NM,11/8/2016,"Trump, Donald J.",REP,319667,0.400425143,No,Republican
486,New Mexico,NM,11/8/2016,"Johnson, Gary ",LIB,74541,0.093372449,No,Other
487,New Mexico,NM,11/8/2016,"Stein, Jill ",GRE,9879,0.012374752,No,Other
488,New Mexico,NM,11/8/2016,"McMullin, Evan",BFA,5825,0.007296582,No,Other
489,New Mexico,NM,11/8/2016,"Castle, Darrell",CON,1514,0.001896485,No,Other
490,New Mexico,NM,11/8/2016,"La Riva, Gloria",PSL,1184,0.001483116,No,Other
491,New Mexico,NM,11/8/2016,"De La Fuente, ""Rocky"" Roque",ADP,475,0.000595,No,Other
492,New York,NY,11/8/2016,"Clinton, Hillary",DEM,4556118,0.590060509,Yes,Democrat
493,New York,NY,11/8/2016,"Trump, Donald J.",REP,2819533,0.365156275,No,Republican
494,New York,NY,11/8/2016,"Johnson, Gary",LIB,176598,0.022871117,No,Other
495,New York,NY,11/8/2016,"Stein, Jill ",GRE,107935,0.013978607,No,Other
496,New York,NY,11/8/2016,Scattered,W,48343,0.006260877,No,Other
497,New York,NY,11/8/2016,"McMullin, Evan",W,10397,0.00134651,No,Other
498,New York,NY,11/8/2016,"Castle, Darrell",W,955,0.000123682,No,Other
499,New York,NY,11/8/2016,"Maturen, Michael A.",W,458,5.93E-05,No,Other
500,New York,NY,11/8/2016,"La Riva, Gloria",W,175,2.27E-05,No,Other
501,New York,NY,11/8/2016,"Hoefling, Tom",W,137,1.77E-05,No,Other
502,New York,NY,11/8/2016,"Keniston, Chris",W,90,1.17E-05,No,Other
503,New York,NY,11/8/2016,"Roberts, Clifton",W,88,1.14E-05,No,Other
504,New York,NY,11/8/2016,"Mutford, Jason",W,85,1.10E-05,No,Other
505,New York,NY,11/8/2016,"Gyurko, Zoltan Istvan",W,76,9.84E-06,No,Other
506,New York,NY,11/8/2016,"Kahn, Lynn",W,72,9.32E-06,No,Other
507,New York,NY,11/8/2016,"Moorehead, Monica ",W,68,8.81E-06,No,Other
508,New York,NY,11/8/2016,"Buchanan, Robert L.",W,58,7.51E-06,No,Other
509,New York,NY,11/8/2016,"Hartnell, Ben",W,42,5.44E-06,No,Other
510,New York,NY,11/8/2016,"Soltysik, Emidio",W,36,4.66E-06,No,Other
511,New York,NY,11/8/2016,"De La Fuente, ""Rocky"" Roque",W,35,4.53E-06,No,Other
512,New York,NY,11/8/2016,"Cohen, Ariel ",W,33,4.27E-06,No,Other
513,New York,NY,11/8/2016,"Connolly, William J.",W,30,3.89E-06,No,Other
514,New York,NY,11/8/2016,"Carter, Willie ",W,18,2.33E-06,No,Other
515,New York,NY,11/8/2016,"Mackler, Jeffrey",W,15,1.94E-06,No,Other
516,New York,NY,11/8/2016,"Asherie, Neer R.",W,9,1.17E-06,No,Other
517,New York,NY,11/8/2016,"Ingbar, Michael Frederick",W,8,1.04E-06,No,Other
518,New York,NY,11/8/2016,"Fried, Jason",W,6,7.77E-07,No,Other
519,New York,NY,11/8/2016,"Canns, Gary S.",W,5,6.48E-07,No,Other
520,New York,NY,11/8/2016,"Wolff, Robert M.",W,5,6.48E-07,No,Other
521,New York,NY,11/8/2016,"Valdivia, Tony",W,4,5.18E-07,No,Other
522,New York,NY,11/8/2016,"Schoenke, Marshall",W,3,3.89E-07,No,Other
523,New York,NY,11/8/2016,"Scott, Ryan Alan",W,3,3.89E-07,No,Other
524,New York,NY,11/8/2016,"Blickley, Mark  ",W,2,2.59E-07,No,Other
525,New York,NY,11/8/2016,"Welsh, Esther",W,1,1.30E-07,No,Other
526,New York,NY,11/8/2016,"Whitaker, Barbara",W,1,1.30E-07,No,Other
527,North Carolina,NC,11/8/2016,"Trump, Donald J.",REP,2362631,0.498280947,Yes,Republican
528,North Carolina,NC,11/8/2016,"Clinton, Hillary",DEM,2189316,0.461728662,No,Democrat
529,North Carolina,NC,11/8/2016,"Johnson, Gary",LIB,130126,0.027443687,No,Other
530,North Carolina,NC,11/8/2016,Scattered,W,47386,0.009993749,No,Other
531,North Carolina,NC,11/8/2016,"Stein, Jill",W,12105,0.002552955,No,Other
532,North Dakota,ND,11/8/2016,"Trump, Donald J.",REP,216794,0.629556278,Yes,Republican
533,North Dakota,ND,11/8/2016,"Clinton, Hillary",DNL,93758,0.272267395,No,Other
534,North Dakota,ND,11/8/2016,"Johnson, Gary",LIB,21434,0.062243002,No,Other
535,North Dakota,ND,11/8/2016,Scattered,W,6397,0.01857649,No,Other
536,North Dakota,ND,11/8/2016,"Stein, Jill",GRE,3780,0.010976885,No,Other
537,North Dakota,ND,11/8/2016,"Castle, Darrell",CON,1833,0.005322918,No,Other
538,North Dakota,ND,11/8/2016,"De La Fuente, Rocky Roque",ADP,364,0.001057033,No,Other
539,Ohio,OH,11/8/2016,"Trump, Donald J.",REP,2841005,0.516876507,Yes,Republican
540,Ohio,OH,11/8/2016,"Clinton, Hillary",DEM,2394164,0.435580763,No,Democrat
541,Ohio,OH,11/8/2016,"Johnson, Gary ",N,174498,0.031747187,No,Other
542,Ohio,OH,11/8/2016,"Stein, Jill",GRE,46271,0.008418286,No,Other
543,Ohio,OH,11/8/2016,"Duncan, Richard",N,24235,0.00440918,No,Other
544,Ohio,OH,11/8/2016,"McMullin, Evan",W,12574,0.002287643,No,Other
545,Ohio,OH,11/8/2016,"Castle, Darrell L.",W,1887,0.00034331,No,Other
546,Ohio,OH,11/8/2016,"Hartnell, Ben ",W,589,0.000107159,No,Other
547,Ohio,OH,11/8/2016,"Maturen, Michael Andrew",W,552,0.000100428,No,Other
548,Ohio,OH,11/8/2016,"Hoefling, Tom ",W,268,4.88E-05,No,Other
549,Ohio,OH,11/8/2016,"Keniston, Chris",W,114,2.07E-05,No,Other
550,Ohio,OH,11/8/2016,"Kotlikoff, Laurence",W,90,1.64E-05,No,Other
551,Ohio,OH,11/8/2016,"Schriner, Joe  ",W,62,1.13E-05,No,Other
552,Ohio,OH,11/8/2016,"Smith, Mike",W,62,1.13E-05,No,Other
553,Ohio,OH,11/8/2016,"Stroh, Josiah R.",W,30,5.46E-06,No,Other
554,Ohio,OH,11/8/2016,"Moorehead, Monica",W,19,3.46E-06,No,Other
555,Ohio,OH,11/8/2016,"Maldonado, Joseph",W,18,3.27E-06,No,Other
556,Ohio,OH,11/8/2016,"Kirschner, Barry ",W,15,2.73E-06,No,Other
557,Ohio,OH,11/8/2016,"Bell, James Jerome ",W,9,1.64E-06,No,Other
558,Ohio,OH,11/8/2016,"Jaynes, Bruce E. ",W,8,1.46E-06,No,Other
559,Ohio,OH,11/8/2016,"Bickelmeyer, Michael ",W,6,1.09E-06,No,Other
560,Ohio,OH,11/8/2016,"Thomson, Douglas W.",W,6,1.09E-06,No,Other
561,Ohio,OH,11/8/2016,"Fox, Cherunda",W,5,9.10E-07,No,Other
562,Oklahoma,OK,11/8/2016,"Trump, Donald J.",REP,949136,0.653228648,Yes,Republican
563,Oklahoma,OK,11/8/2016,"Clinton, Hillary",DEM,420375,0.289316803,No,Democrat
564,Oklahoma,OK,11/8/2016,"Johnson, Gary",LIB,83481,0.057454549,No,Other
565,Oregon,OR,11/8/2016,"Clinton, Hillary",DEM,1002106,0.50071852,Yes,Democrat
566,Oregon,OR,11/8/2016,"Trump, Donald J.",REP,782403,0.390940352,No,Republican
567,Oregon,OR,11/8/2016,"Johnson, Gary",LIB,94231,0.047084048,No,Other
568,Oregon,OR,11/8/2016,Miscellaneous,W,72594,0.03627277,No,Other
569,Oregon,OR,11/8/2016,"Stein, Jill",PG/PRO,50002,0.02498431,No,Other
570,Pennsylvania,PA,11/8/2016,"Trump, Donald J.",REP,2970733,0.481833363,Yes,Republican
571,Pennsylvania,PA,11/8/2016,"Clinton, Hillary",DEM,2926441,0.474649492,No,Democrat
572,Pennsylvania,PA,11/8/2016,"Johnson, Gary E.",LIB,146715,0.023796209,No,Other
573,Pennsylvania,PA,11/8/2016,"Stein, Jill",GRE,49941,0.008100102,No,Other
574,Pennsylvania,PA,11/8/2016,Scattered,W,37239,0.006039921,No,Other
575,Pennsylvania,PA,11/8/2016,"Castle, Darrell L.",CON,21572,0.003498837,No,Other
576,Pennsylvania,PA,11/8/2016,"McMullin, Evan",W,6472,0.001049716,No,Other
577,Pennsylvania,PA,11/8/2016,"Sanders, Bernie",W,6060,0.000982892,No,Other
578,Pennsylvania,PA,11/8/2016,"Kasich, John",W,302,4.90E-05,No,Other
579,Pennsylvania,PA,11/8/2016,"Kahn, Lynn",W,3,4.87E-07,No,Other
580,Rhode Island,RI,11/8/2016,"Clinton, Hillary",DEM,252525,0.544066066,Yes,Democrat
581,Rhode Island,RI,11/8/2016,"Trump, Donald J.",REP,180543,0.388980575,No,Republican
582,Rhode Island,RI,11/8/2016,"Johnson, Gary",LIB,14746,0.031770313,No,Other
583,Rhode Island,RI,11/8/2016,"Stein, Jill",GRE,6220,0.013401013,No,Other
584,Rhode Island,RI,11/8/2016,"Sanders, Bernie",W,3497,0.0075343,No,Other
585,Rhode Island,RI,11/8/2016,Scattered,W,2121,0.004569703,No,Other
586,Rhode Island,RI,11/8/2016,"McMullin, Evan",W,773,0.001665431,No,Other
587,Rhode Island,RI,11/8/2016,"Kasich, John",W,695,0.00149738,No,Other
588,Rhode Island,RI,11/8/2016,"De La Fuente, ""Rocky"" Roque",ADP,671,0.001445672,No,Other
589,Rhode Island,RI,11/8/2016,"Pence, Michael",W,291,0.000626961,No,Other
590,Rhode Island,RI,11/8/2016,"Romney, Mitt",W,273,0.00058818,No,Other
591,Rhode Island,RI,11/8/2016,"Ryan, Paul",W,249,0.000536471,No,Other
592,Rhode Island,RI,11/8/2016,"Biden, Joe (Joseph)",W,160,0.000344721,No,Other
593,Rhode Island,RI,11/8/2016,"McCain, John",W,124,0.000267158,No,Other
594,Rhode Island,RI,11/8/2016,"Rubio, Marco",W,99,0.000213296,No,Other
595,Rhode Island,RI,11/8/2016,"Brady, Tom (Thomas)",W,86,0.000185287,No,Other
596,Rhode Island,RI,11/8/2016,"Mouse, Mickey",W,79,0.000170206,No,Other
597,Rhode Island,RI,11/8/2016,"Bush, Jeb",W,71,0.00015297,No,Other
598,Rhode Island,RI,11/8/2016,"""Christ,"" Jesus ",W,70,0.000150815,No,Other
599,Rhode Island,RI,11/8/2016,None of the above,W,70,0.000150815,No,Other
600,Rhode Island,RI,11/8/2016,"Carson, Ben",W,66,0.000142197,No,Other
601,Rhode Island,RI,11/8/2016,"Castle, Darrell",W,52,0.000112034,No,Other
602,Rhode Island,RI,11/8/2016,"Cruz, Ted (Senator)",W,46,9.91E-05,No,Other
603,Rhode Island,RI,11/8/2016,"Powell, Colin",W,41,8.83E-05,No,Other
604,Rhode Island,RI,11/8/2016,"Maturen, Michael - American Solidarity Party",W,34,7.33E-05,No,Other
605,Rhode Island,RI,11/8/2016,"Obama, Michelle",W,34,7.33E-05,No,Other
606,Rhode Island,RI,11/8/2016,"Bloomberg, Michael",W,32,6.89E-05,No,Other
607,Rhode Island,RI,11/8/2016,"Rice, Condoleeza",W,26,5.60E-05,No,Other
608,Rhode Island,RI,11/8/2016,God (Almighty),W,20,4.31E-05,No,Other
609,Rhode Island,RI,11/8/2016,"Belichek, Bill (William)",W,19,4.09E-05,No,Other
610,Rhode Island,RI,11/8/2016,"Chrisley, Todd",W,19,4.09E-05,No,Other
611,Rhode Island,RI,11/8/2016,None,W,19,4.09E-05,No,Other
612,Rhode Island,RI,11/8/2016,"Cohen, Ted",W,18,3.88E-05,No,Other
613,Rhode Island,RI,11/8/2016,"Duck, Donald",W,18,3.88E-05,No,Other
614,Rhode Island,RI,11/8/2016,"Paul, Rand",W,18,3.88E-05,No,Other
615,Rhode Island,RI,11/8/2016,"Supreme, Vermin",W,17,3.66E-05,No,Other
616,Rhode Island,RI,11/8/2016,Harambe,W,15,3.23E-05,No,Other
617,Rhode Island,RI,11/8/2016,No Confidence,W,15,3.23E-05,No,Other
618,Rhode Island,RI,11/8/2016,"Lincoln, Abe (Abraham)",W,13,2.80E-05,No,Other
619,Rhode Island,RI,11/8/2016,"Obama, Barack",W,13,2.80E-05,No,Other
620,Rhode Island,RI,11/8/2016,"Fiorina, Carly",W,12,2.59E-05,No,Other
621,Rhode Island,RI,11/8/2016,"Warren, Elizabeth",W,12,2.59E-05,No,Other
622,Rhode Island,RI,11/8/2016,"Christie, Chris",W,11,2.37E-05,No,Other
623,Rhode Island,RI,11/8/2016,"Paul, Ron",W,11,2.37E-05,No,Other
624,Rhode Island,RI,11/8/2016,"Huckabee, Mike",W,9,1.94E-05,No,Other
625,Rhode Island,RI,11/8/2016,"Chaffee, Lincoln",W,8,1.72E-05,No,Other
626,Rhode Island,RI,11/8/2016,"Fecteau, Matt",W,8,1.72E-05,No,Other
627,Rhode Island,RI,11/8/2016,"Gowdy, Trey",W,8,1.72E-05,No,Other
628,Rhode Island,RI,11/8/2016,"LaRiva, Gloria",W,8,1.72E-05,No,Other
629,Rhode Island,RI,11/8/2016,"Neuman, Alfred E.",W,8,1.72E-05,No,Other
630,Rhode Island,RI,11/8/2016,No one,W,8,1.72E-05,No,Other
631,Rhode Island,RI,11/8/2016,"Ventura, Jesse",W,8,1.72E-05,No,Other
632,Rhode Island,RI,11/8/2016,Anyone Else,W,7,1.51E-05,No,Other
633,Rhode Island,RI,11/8/2016,"Buffett, Jimmy",W,7,1.51E-05,No,Other
634,Rhode Island,RI,11/8/2016,"Hoefling, Tom",W,7,1.51E-05,No,Other
635,Rhode Island,RI,11/8/2016,"Kaine, Tim",W,7,1.51E-05,No,Other
636,Rhode Island,RI,11/8/2016,Pope Francis,W,7,1.51E-05,No,Other
637,Rhode Island,RI,11/8/2016,"Webb, James (Jim)",W,7,1.51E-05,No,Other
638,Rhode Island,RI,11/8/2016,"Williams, Roger",W,7,1.51E-05,No,Other
639,Rhode Island,RI,11/8/2016,"Kenniston, Chris",W,6,1.29E-05,No,Other
640,Rhode Island,RI,11/8/2016,Me,W,6,1.29E-05,No,Other
641,Rhode Island,RI,11/8/2016,,W,6,1.29E-05,No,Other
642,Rhode Island,RI,11/8/2016,"Norton, David",W,6,1.29E-05,No,Other
643,Rhode Island,RI,11/8/2016,"Nutz, Deez",W,6,1.29E-05,No,Other
644,Rhode Island,RI,11/8/2016,"Roosevelt, Theodore",W,6,1.29E-05,No,Other
645,Rhode Island,RI,11/8/2016,Abstain,W,5,1.08E-05,No,Other
646,Rhode Island,RI,11/8/2016,"Buffet, Warren",W,5,1.08E-05,No,Other
647,Rhode Island,RI,11/8/2016,"Cooper, Alice",W,5,1.08E-05,No,Other
648,Rhode Island,RI,11/8/2016,God Help Us,W,5,1.08E-05,No,Other
649,Rhode Island,RI,11/8/2016,"Healey, Robert (Bob) ""Cool Moose""",W,5,1.08E-05,No,Other
650,Rhode Island,RI,11/8/2016,"Murray, Bill",W,5,1.08E-05,No,Other
651,Rhode Island,RI,11/8/2016,"Reagan, Ronald",W,5,1.08E-05,No,Other
652,Rhode Island,RI,11/8/2016,"Reed, Jack",W,5,1.08E-05,No,Other
653,Rhode Island,RI,11/8/2016,Unity Love Harmony,W,5,1.08E-05,No,Other
654,Rhode Island,RI,11/8/2016,"Washington, George",W,5,1.08E-05,No,Other
655,South Carolina,SC,11/8/2016,"Trump, Donald J.",REP,1155389,0.549393327,Yes,Republican
656,South Carolina,SC,11/8/2016,"Clinton, Hillary",DEM,855373,0.406734198,No,Democrat
657,South Carolina,SC,11/8/2016,"Johnson, Gary",LIB,49204,0.023396751,No,Other
658,South Carolina,SC,11/8/2016,"McMullin, Evan",IDP,21016,0.009993215,No,Other
659,South Carolina,SC,11/8/2016,"Stein, Jill",GRE,13034,0.006197733,No,Other
660,South Carolina,SC,11/8/2016,"Castle, Darrell",CON,5765,0.002741287,No,Other
661,South Carolina,SC,11/8/2016,"Skewes, Peter",AM,3246,0.001543489,No,Other
662,South Dakota,SD,11/8/2016,"Trump, Donald J.",REP,227721,0.615307504,Yes,Republican
663,South Dakota,SD,11/8/2016,"Clinton, Hillary",DEM,117458,0.317374282,No,Democrat
664,South Dakota,SD,11/8/2016,"Johnson, Gary",LIB,20850,0.056337191,No,Other
665,South Dakota,SD,11/8/2016,"Castle, Darrell L.",CON,4064,0.010981024,No,Other
666,Tennessee,TN,11/8/2016,"Trump, Donald J.",REP,1522925,0.607220337,Yes,Republican
667,Tennessee,TN,11/8/2016,"Clinton, Hillary",DEM,870695,0.347163328,No,Democrat
668,Tennessee,TN,11/8/2016,"Johnson, Gary",IND,70397,0.028068677,No,Other
669,Tennessee,TN,11/8/2016,"Stein, Jill",IND,15993,0.006376726,No,Other
670,Tennessee,TN,11/8/2016,"McMullin, Evan",W,11991,0.004781049,No,Other
671,Tennessee,TN,11/8/2016,"Smith, Mike",IND,7276,0.002901085,No,Other
672,Tennessee,TN,11/8/2016,"De La Fuente, ""Rocky"" Roque",IND,4075,0.001624783,No,Other
673,Tennessee,TN,11/8/2016,"Kennedy, Alyson",IND,2877,0.001147117,No,Other
674,Tennessee,TN,11/8/2016,"Castle, Darrell L.",W,1584,0.000631572,No,Other
675,Tennessee,TN,11/8/2016,"Hoefling, Tom ",W,132,5.26E-05,No,Other
676,Tennessee,TN,11/8/2016,"Limbaugh, David",W,53,2.11E-05,No,Other
677,Tennessee,TN,11/8/2016,"Kotlikoff, Laurence",W,20,7.97E-06,No,Other
678,Tennessee,TN,11/8/2016,"Fox, Cherunda",W,6,2.39E-06,No,Other
679,Tennessee,TN,11/8/2016,"Schoenke, Marshall",W,3,1.20E-06,No,Other
680,Texas,TX,11/8/2016,"Trump, Donald J.",REP,4685047,0.522346856,Yes,Republican
681,Texas,TX,11/8/2016,"Clinton, Hillary",DEM,3877868,0.43235258,No,Democrat
682,Texas,TX,11/8/2016,"Johnson, Gary",LIB,283492,0.031607187,No,Other
683,Texas,TX,11/8/2016,"Stein, Jill",GRE,71558,0.007978169,No,Other
684,Texas,TX,11/8/2016,"McMullin, Evan",W,42366,0.004723485,No,Other
685,Texas,TX,11/8/2016,"Castle, Darrell L.",W,4261,0.000475069,No,Other
686,Texas,TX,11/8/2016,"Maturen, Michael A.",W,1401,0.000156201,No,Other
687,Texas,TX,11/8/2016,"Kotlikoff, Laurence",W,1037,0.000115618,No,Other
688,Texas,TX,11/8/2016,"Hoefling, Tom ",W,932,0.000103911,No,Other
689,Texas,TX,11/8/2016,"Valdivia, Tony",W,428,4.77E-05,No,Other
690,Texas,TX,11/8/2016,"Cubbler, Scott",W,314,3.50E-05,No,Other
691,Texas,TX,11/8/2016,"Morrow, Robert",W,145,1.62E-05,No,Other
692,Texas,TX,11/8/2016,"Moorehead, Monica ",W,122,1.36E-05,No,Other
693,Texas,TX,11/8/2016,"Soltysik, Emidio",W,72,8.03E-06,No,Other
694,Texas,TX,11/8/2016,"Steffes, Dale",W,71,7.92E-06,No,Other
695,Texas,TX,11/8/2016,"Lee, Jonathan",W,67,7.47E-06,No,Other
696,Texas,TX,11/8/2016,"Fox, Cherunda",W,45,5.02E-06,No,Other
697,Utah,UT,11/8/2016,"Trump, Donald J.",REP,515231,0.455380359,Yes,Republican
698,Utah,UT,11/8/2016,"Clinton, Hillary",DEM,310676,0.274587027,No,Democrat
699,Utah,UT,11/8/2016,"McMullin, Evan",UN,243690,0.215382304,No,Other
700,Utah,UT,11/8/2016,"Johnson, Gary",LIB,39608,0.035007027,No,Other
701,Utah,UT,11/8/2016,"Stein, Jill",UN,9438,0.008341656,No,Other
702,Utah,UT,11/8/2016,"Castle, Darrell L.",CON,8032,0.007098981,No,Other
703,Utah,UT,11/8/2016,"Giordani, Rocky",IAP,2752,0.00243232,No,Other
704,Utah,UT,11/8/2016,"de la Fuente, ""Rocky"" Roque",UN,883,0.000780428,No,Other
705,Utah,UT,11/8/2016,"Moorehead, Monica ",UN,544,0.000480807,No,Other
706,Utah,UT,11/8/2016,"Kennedy, Alyson",UN,521,0.000460479,No,Other
707,Utah,UT,11/8/2016,"Smith, Mike ",W,19,1.68E-05,No,Other
708,Utah,UT,11/8/2016,"Baird, Dustin",W,9,7.95E-06,No,Other
709,Utah,UT,11/8/2016,"Kotlikoff, Laurence",W,9,7.95E-06,No,Other
710,Utah,UT,11/8/2016,"Hoefling, Tom ",W,6,5.30E-06,No,Other
711,Utah,UT,11/8/2016,"Basiago, Andrew D. ",W,4,3.54E-06,No,Other
712,Utah,UT,11/8/2016,"Soltysik, Emidio",W,4,3.54E-06,No,Other
713,Utah,UT,11/8/2016,"Buchanan, Robert L.",W,1,8.84E-07,No,Other
714,Utah,UT,11/8/2016,"Burton, Jamin",W,1,8.84E-07,No,Other
715,Utah,UT,11/8/2016,"Tittle, Sheila ""Samm""",W,1,8.84E-07,No,Other
716,Utah,UT,11/8/2016,"Valdivia, Tony",W,1,8.84E-07,No,Other
717,Vermont,VT,11/8/2016,"Clinton, Hillary",DEM,178573,0.56677786,Yes,Democrat
718,Vermont,VT,11/8/2016,"Trump, Donald J.",REP,95369,0.302694348,No,Republican
719,Vermont,VT,11/8/2016,"Sanders, Bernie",W,18218,0.057822622,No,Other
720,Vermont,VT,11/8/2016,"Johnson, Gary",LIB,10078,0.031986847,No,Other
721,Vermont,VT,11/8/2016,"Stein, Jill",GRE,6758,0.021449406,No,Other
722,Vermont,VT,11/8/2016,Scattered,W,1478,0.004691066,No,Other
723,Vermont,VT,11/8/2016,"De La Fuente, Rocky ",IND,1063,0.003373886,No,Other
724,Vermont,VT,11/8/2016,"Kasich, John",W,827,0.002624839,No,Other
725,Vermont,VT,11/8/2016,"McMullin, Evan",W,640,0.002031314,No,Other
726,Vermont,VT,11/8/2016,"La Riva, Gloria",LBU,327,0.001037874,No,Other
727,Vermont,VT,11/8/2016,"Pence, Michael R.",W,298,0.000945831,No,Other
728,Vermont,VT,11/8/2016,No Name,W,255,0.000809352,No,Other
729,Vermont,VT,11/8/2016,"Ryan, Paul",W,208,0.000660177,No,Other
730,Vermont,VT,11/8/2016,"Romney, Mitt",W,120,0.000380871,No,Other
731,Vermont,VT,11/8/2016,"Rubio, Marco",W,93,0.000295175,No,Other
732,Vermont,VT,11/8/2016,"Bush, Jeb",W,79,0.00025074,No,Other
733,Vermont,VT,11/8/2016,"McCain, John",W,76,0.000241219,No,Other
734,Vermont,VT,11/8/2016,"Douglas, Jim",W,75,0.000238045,No,Other
735,Vermont,VT,11/8/2016,"Castle, Darryll",W,63,0.000199957,No,Other
736,Vermont,VT,11/8/2016,"Cruz, Ted",W,63,0.000199957,No,Other
737,Vermont,VT,11/8/2016,"Carson, Ben",W,61,0.00019361,No,Other
738,Vermont,VT,11/8/2016,"Biden, Joe",W,57,0.000180914,No,Other
739,Vermont,VT,11/8/2016,"Paul, Rand",W,26,8.25E-05,No,Other
740,Vermont,VT,11/8/2016,"Paul, Ron",W,25,7.93E-05,No,Other
741,Vermont,VT,11/8/2016,"Powell, Colin",W,25,7.93E-05,No,Other
742,Vermont,VT,11/8/2016,"Bloomberg, Michael",W,22,6.98E-05,No,Other
743,Vermont,VT,11/8/2016,"Rice, Condoleeza",W,18,5.71E-05,No,Other
744,Vermont,VT,11/8/2016,"Gabard, Tulsi",W,17,5.40E-05,No,Other
745,Vermont,VT,11/8/2016,"Obama, Michelle",W,15,4.76E-05,No,Other
746,Vermont,VT,11/8/2016,"Maturen, Michael",W,14,4.44E-05,No,Other
747,Vermont,VT,11/8/2016,"Warren, Elizabeth",W,13,4.13E-05,No,Other
748,Vermont,VT,11/8/2016,"Epstein, Theo",W,11,3.49E-05,No,Other
749,Vermont,VT,11/8/2016,"Fiorina, Carly",W,11,3.49E-05,No,Other
750,Vermont,VT,11/8/2016,"Huckabee, Mike",W,11,3.49E-05,No,Other
751,Vermont,VT,11/8/2016,"Supreme, Vermin",W,10,3.17E-05,No,Other
752,Vermont,VT,11/8/2016,"Brady, Tom",W,9,2.86E-05,No,Other
753,Vermont,VT,11/8/2016,"Obama, Barack",W,8,2.54E-05,No,Other
754,Vermont,VT,11/8/2016,"Ortiz, David ",W,8,2.54E-05,No,Other
755,Vermont,VT,11/8/2016,"Belichek, Bill",W,7,2.22E-05,No,Other
756,Vermont,VT,11/8/2016,"Leahy, Patrick",W,7,2.22E-05,No,Other
757,Vermont,VT,11/8/2016,"Nader, Ralph",W,7,2.22E-05,No,Other
758,Vermont,VT,11/8/2016,"Tuttle, Fred",W,6,1.90E-05,No,Other
759,Vermont,VT,11/8/2016,"Weld, William",W,5,1.59E-05,No,Other
760,Vermont,VT,11/8/2016,"Keniston, Chris",W,3,9.52E-06,No,Other
761,Vermont,VT,11/8/2016,"Kotlikoff, Lawrence",W,3,9.52E-06,No,Other
762,Vermont,VT,11/8/2016,"Osborne, Alyson Kennedy",W,2,6.35E-06,No,Other
763,Vermont,VT,11/8/2016,"Soltysik, Emilio",W,2,6.35E-06,No,Other
764,Vermont,VT,11/8/2016,"White, Jerry",W,2,6.35E-06,No,Other
765,Vermont,VT,11/8/2016,"Smith, Mike",W,1,3.17E-06,No,Other
766,Virginia,VA,11/8/2016,"Clinton, Hillary",DEM,1981473,0.49727892,Yes,Democrat
767,Virginia,VA,11/8/2016,"Trump, Donald J.",REP,1769443,0.444066966,No,Republican
768,Virginia,VA,11/8/2016,"Johnson, Gary",LIB,118274,0.029682548,No,Other
769,Virginia,VA,11/8/2016,"McMullin, Evan",IND,54054,0.013565623,No,Other
770,Virginia,VA,11/8/2016,All Others,W,33749,0.008469793,No,Other
771,Virginia,VA,11/8/2016,"Stein, Jill",GRE,27638,0.00693615,No,Other
772,Washington,WA,11/8/2016,"Clinton, Hillary",DEM,1742718,0.525386801,Yes,Democrat
773,Washington,WA,11/8/2016,"Trump, Donald J.",REP,1221747,0.368326802,No,Republican
774,Washington,WA,11/8/2016,"Johnson, Gary",LIB,160879,0.048501079,No,Other
775,Washington,WA,11/8/2016,Scattered,W,107805,0.032500568,No,Other
776,Washington,WA,11/8/2016,"Stein, Jill",GRE,58417,0.017611295,No,Other
777,Washington,WA,11/8/2016,"Castle, Darrell L.",CON,17623,0.005312903,No,Other
778,Washington,WA,11/8/2016,"Kennedy, Alyson",SWP,4307,0.001298455,No,Other
779,Washington,WA,11/8/2016,"La Riva, Gloria Estela",SLP,3523,0.001062098,No,Other
780,West Virginia,WV,11/8/2016,"Trump, Donald J.",REP,489371,0.684987745,Yes,Republican
781,West Virginia,WV,11/8/2016,"Clinton, Hillary",DEM,188794,0.264260809,No,Democrat
782,West Virginia,WV,11/8/2016,"Johnson, Gary",LIB,23004,0.032199411,No,Other
783,West Virginia,WV,11/8/2016,"Stein, Jill",MTP,8075,0.011302828,No,Other
784,West Virginia,WV,11/8/2016,"Castle, Darrell L.",CON,3807,0.005328776,No,Other
785,West Virginia,WV,11/8/2016,"McMullin, Evan",W,1104,0.001545303,No,Other
786,West Virginia,WV,11/8/2016,"Moreau, Kevin",W,216,0.000302342,No,Other
787,West Virginia,WV,11/8/2016,"Smith, William Roger",W,13,1.82E-05,No,Other
788,West Virginia,WV,11/8/2016,"Hoefling, Tom ",W,10,1.40E-05,No,Other
789,West Virginia,WV,11/8/2016,"Basiago, Andrew D. ",W,4,5.60E-06,No,Other
790,West Virginia,WV,11/8/2016,"Kotlikoff, Laurence",W,4,5.60E-06,No,Other
791,West Virginia,WV,11/8/2016,"Buchanan, Robert L.",W,3,4.20E-06,No,Other
792,West Virginia,WV,11/8/2016,"De La Fuente, Rocky ",W,3,4.20E-06,No,Other
793,West Virginia,WV,11/8/2016,"Limbaugh, David ",W,3,4.20E-06,No,Other
794,West Virginia,WV,11/8/2016,"Lariva, Gloria",W,2,2.80E-06,No,Other
795,West Virginia,WV,11/8/2016,"Perry, Darryl W.",W,2,2.80E-06,No,Other
796,West Virginia,WV,11/8/2016,"Smith, Mike",W,2,2.80E-06,No,Other
797,West Virginia,WV,11/8/2016,"White, Jerry ",W,2,2.80E-06,No,Other
798,West Virginia,WV,11/8/2016,"Duncan, Richard",W,1,1.40E-06,No,Other
799,West Virginia,WV,11/8/2016,"Hartnell, Ben ",W,1,1.40E-06,No,Other
800,West Virginia,WV,11/8/2016,"Maldonado, Joseph",W,1,1.40E-06,No,Other
801,West Virginia,WV,11/8/2016,"Williams, Mitchell",W,1,1.40E-06,No,Other
802,Wisconsin,WI,11/8/2016,"Trump, Donald J.",REP,1405284,0.472181846,Yes,Republican
803,Wisconsin,WI,11/8/2016,"Clinton, Hillary",DEM,1382536,0.464538414,No,Democrat
804,Wisconsin,WI,11/8/2016,"Johnson, Gary",LIB,106674,0.035842951,No,Other
805,Wisconsin,WI,11/8/2016,Scattered,W,22764,0.007648808,No,Other
806,Wisconsin,WI,11/8/2016,"Castle, Darrell L.",CON,12162,0.004086488,No,Other
807,Wisconsin,WI,11/8/2016,"McMullin, Evan",W,11855,0.003983334,No,Other
808,Wisconsin,WI,11/8/2016,"Stein, Jill",WG,31072,0.010440334,No,Other
809,Wisconsin,WI,11/8/2016,"Moorehead, Monica",WW,1770,0.000594728,No,Other
810,Wisconsin,WI,11/8/2016,"De La Fuente, Rocky Roque",ADP,1502,0.000504679,No,Other
811,Wisconsin,WI,11/8/2016,"Maturen, Michael A.",W,284,9.54E-05,No,Other
812,Wisconsin,WI,11/8/2016,"Hoefling, Tom ",W,80,2.69E-05,No,Other
813,Wisconsin,WI,11/8/2016,"Keniston, Chris",W,67,2.25E-05,No,Other
814,Wisconsin,WI,11/8/2016,"Fox, Cherunda",W,47,1.58E-05,No,Other
815,Wisconsin,WI,11/8/2016,"Soltysik, Emidio",W,33,1.11E-05,No,Other
816,Wisconsin,WI,11/8/2016,"Kotlikoff, Laurence",W,15,5.04E-06,No,Other
817,Wisconsin,WI,11/8/2016,"Maldonado, Joseph",W,4,1.34E-06,No,Other
818,Wisconsin,WI,11/8/2016,"Schoenke, Marshall",W,1,3.36E-07,No,Other
819,Wyoming,WY,11/8/2016,"Trump, Donald J.",REP,174419,0.681726331,Yes,Republican
820,Wyoming,WY,11/8/2016,"Clinton, Hillary",DEM,55973,0.218773573,No,Democrat
821,Wyoming,WY,11/8/2016,"Johnson, Gary",LIB,13287,0.051932976,No,Other
822,Wyoming,WY,11/8/2016,Scattered,W,6904,0.026984667,No,Other
823,Wyoming,WY,11/8/2016,"Stein, Jill",IND,2515,0.009830017,No,Other
824,Wyoming,WY,11/8/2016,"Castle, Darrell",CON,2042,0.00798127,No,Other
825,Wyoming,WY,11/8/2016,"De La Fuente, ""Rocky"" Roque",IND,709,0.002771166,No,Other
