,state,sex_race_and_hispanic_origin,total_population,total_citizen_population,total_registered,percent_registered_total,percent_registered_citizen,total_voted,percent_voted_total,percent_voted_citizen,year
0,All,Total,235248,215081,153157,65.1,71.2,132948,56.5,61.8,2012
1,All,Male,113243,103022,71414,63.1,69.3,61551,54.4,59.7,2012
2,All,Female,122005,112059,81743,67.0,72.9,71397,58.5,63.7,2012
3,All,White alone,187084,173466,124697,66.7,71.9,107846,57.6,62.2,2012
4,All,.White non-Hispanic alone,155615,152862,112706,72.4,73.7,98041,63.0,64.1,2012
5,All,Black alone,28709,26915,19680,68.5,73.1,17813,62.0,66.2,2012
6,All,Asian alone,12493,8254,4649,37.2,56.3,3904,31.3,47.3,2012
7,All,Hispanic (of any race),35204,23329,13697,38.9,58.7,11188,31.8,48.0,2012
8,All,White alone or in combination,190396,176612,126822,66.6,71.8,109603,57.6,62.1,2012
9,All,Black alone or in combination,30043,28153,20557,68.4,73.0,18558,61.8,65.9,2012
10,All,Asian alone or in combination,13335,9033,5173,38.8,57.3,4331,32.5,47.9,2012
11,ALABAMA,Total,3594,3479,2556,71.1,73.5,2154,59.9,61.9,2012
12,ALABAMA,Male,1703,1649,1201,70.5,72.9,1009,59.2,61.2,2012
13,ALABAMA,Female,1891,1831,1354,71.6,74.0,1145,60.6,62.6,2012
14,ALABAMA,White alone,2580,2502,1878,72.8,75.1,1530,59.3,61.2,2012
15,ALABAMA,.White non-Hispanic alone,2473,2467,1866,75.5,75.6,1530,61.9,62.0,2012
16,ALABAMA,Black alone,891,888,610,68.5,68.7,560,62.8,63.1,2012
17,ALABAMA,Asian alone,59,25,17,,,17,,,2012
18,ALABAMA,Hispanic (of any race),107,35,12,11.5,35.1,0,,,2012
19,ALABAMA,White alone or in combination,2605,2527,1904,73.1,75.3,1556,59.7,61.6,2012
20,ALABAMA,Black alone or in combination,900,897,619,68.8,69.0,569,63.2,63.4,2012
21,ALABAMA,Asian alone or in combination,59,25,17,,,17,,,2012
22,ALASKA,Total,516,495,361,69.9,72.8,289,56.0,58.4,2012
23,ALASKA,Male,261,254,181,69.3,71.3,140,53.6,55.1,2012
24,ALASKA,Female,255,241,180,70.5,74.4,149,58.6,61.8,2012
25,ALASKA,White alone,373,365,283,75.7,77.4,232,62.1,63.4,2012
26,ALASKA,.White non-Hispanic alone,355,352,273,76.8,77.5,225,63.3,63.9,2012
27,ALASKA,Black alone,21,20,10,,,6,,,2012
28,ALASKA,Asian alone,30,21,13,,,10,,,2012
29,ALASKA,Hispanic (of any race),23,18,10,,,7,,,2012
30,ALASKA,White alone or in combination,400,392,301,75.3,76.9,247,61.7,62.9,2012
31,ALASKA,Black alone or in combination,23,22,12,,,7,,,2012
32,ALASKA,Asian alone or in combination,35,25,14,,,11,,,2012
33,ARIZONA,Total,4863,4314,2812,57.8,65.2,2412,49.6,55.9,2012
34,ARIZONA,Male,2361,2110,1398,59.2,66.2,1193,50.5,56.6,2012
35,ARIZONA,Female,2501,2204,1414,56.5,64.2,1219,48.7,55.3,2012
36,ARIZONA,White alone,4130,3660,2445,59.2,66.8,2123,51.4,58.0,2012
37,ARIZONA,.White non-Hispanic alone,2854,2784,1963,68.8,70.5,1737,60.8,62.4,2012
38,ARIZONA,Black alone,211,207,122,57.5,58.6,95,45.1,46.0,2012
39,ARIZONA,Asian alone,227,160,51,22.5,32.0,43,19.0,27.1,2012
40,ARIZONA,Hispanic (of any race),1396,989,516,37.0,52.2,400,28.7,40.4,2012
41,ARIZONA,White alone or in combination,4174,3703,2464,59.0,66.5,2133,51.1,57.6,2012
42,ARIZONA,Black alone or in combination,241,237,141,58.7,59.7,106,44.2,44.9,2012
43,ARIZONA,Asian alone or in combination,242,175,61,25.1,34.8,53,21.9,30.3,2012
44,ARKANSAS,Total,2198,2109,1376,62.6,65.3,1124,51.1,53.3,2012
45,ARKANSAS,Male,1044,1006,637,61.0,63.4,531,50.9,52.8,2012
46,ARKANSAS,Female,1154,1103,739,64.1,67.0,593,51.4,53.7,2012
47,ARKANSAS,White alone,1788,1726,1148,64.2,66.5,941,52.7,54.5,2012
48,ARKANSAS,.White non-Hispanic alone,1681,1676,1138,67.7,67.9,933,55.5,55.7,2012
49,ARKANSAS,Black alone,313,313,192,61.3,61.3,155,49.4,49.4,2012
50,ARKANSAS,Asian alone,33,21,9,,,9,,,2012
51,ARKANSAS,Hispanic (of any race),143,73,16,11.3,,14,9.5,,2012
52,ARKANSAS,White alone or in combination,1809,1747,1166,64.5,66.8,953,52.7,54.6,2012
53,ARKANSAS,Black alone or in combination,319,319,195,61.1,61.1,155,48.5,48.5,2012
54,ARKANSAS,Asian alone or in combination,33,21,9,,,9,,,2012
55,CALIFORNIA,Total,28357,23419,15356,54.2,65.6,13462,47.5,57.5,2012
56,CALIFORNIA,Male,13887,11374,7245,52.2,63.7,6326,45.6,55.6,2012
57,CALIFORNIA,Female,14470,12044,8111,56.1,67.3,7137,49.3,59.3,2012
58,CALIFORNIA,White alone,21330,17692,11785,55.2,66.6,10391,48.7,58.7,2012
59,CALIFORNIA,.White non-Hispanic alone,12317,11866,8544,69.4,72.0,7628,61.9,64.3,2012
60,CALIFORNIA,Black alone,1810,1740,1192,65.8,68.5,1063,58.7,61.1,2012
61,CALIFORNIA,Asian alone,3915,2839,1645,42.0,57.9,1380,35.2,48.6,2012
62,CALIFORNIA,Hispanic (of any race),9935,6510,3684,37.1,56.6,3157,31.8,48.5,2012
63,CALIFORNIA,White alone or in combination,21921,18241,12169,55.5,66.7,10717,48.9,58.7,2012
64,CALIFORNIA,Black alone or in combination,2003,1924,1314,65.6,68.3,1172,58.5,60.9,2012
65,CALIFORNIA,Asian alone or in combination,4122,3029,1790,43.4,59.1,1499,36.4,49.5,2012
66,COLORADO,Total,3817,3544,2635,69.0,74.4,2495,65.4,70.4,2012
67,COLORADO,Male,1882,1725,1251,66.5,72.5,1179,62.7,68.4,2012
68,COLORADO,Female,1935,1818,1384,71.5,76.1,1316,68.0,72.4,2012
69,COLORADO,White alone,3474,3253,2471,71.1,76.0,2345,67.5,72.1,2012
70,COLORADO,.White non-Hispanic alone,2852,2800,2205,77.3,78.7,2105,73.8,75.2,2012
71,COLORADO,Black alone,140,125,75,53.6,60.1,69,49.6,55.6,2012
72,COLORADO,Asian alone,119,98,39,32.9,40.0,31,26.0,31.6,2012
73,COLORADO,Hispanic (of any race),681,497,284,41.7,57.2,259,38.0,52.1,2012
74,COLORADO,White alone or in combination,3529,3304,2510,71.1,76.0,2385,67.6,72.2,2012
75,COLORADO,Black alone or in combination,159,139,87,54.5,62.3,81,51.1,58.3,2012
76,COLORADO,Asian alone or in combination,138,117,54,39.2,46.3,46,33.2,39.2,2012
77,CONNECTICUT,Total,2726,2499,1760,64.6,70.4,1568,57.5,62.7,2012
78,CONNECTICUT,Male,1297,1188,811,62.6,68.3,712,54.9,59.9,2012
79,CONNECTICUT,Female,1429,1311,949,66.4,72.4,856,59.9,65.3,2012
80,CONNECTICUT,White alone,2238,2115,1520,67.9,71.8,1352,60.4,63.9,2012
81,CONNECTICUT,.White non-Hispanic alone,2004,1931,1420,70.9,73.5,1271,63.4,65.8,2012
82,CONNECTICUT,Black alone,279,256,164,58.7,64.0,159,57.1,62.2,2012
83,CONNECTICUT,Asian alone,147,80,37,25.1,46.1,23,15.8,29.0,2012
84,CONNECTICUT,Hispanic (of any race),292,220,127,43.5,57.7,103,35.4,47.0,2012
85,CONNECTICUT,White alone or in combination,2280,2152,1551,68.0,72.1,1379,60.5,64.1,2012
86,CONNECTICUT,Black alone or in combination,309,281,185,59.9,66.0,177,57.1,62.9,2012
87,CONNECTICUT,Asian alone or in combination,156,89,44,28.1,49.2,30,19.3,33.8,2012
88,DELAWARE,Total,693,641,470,67.8,73.3,431,62.2,67.3,2012
89,DELAWARE,Male,329,302,218,66.1,72.1,196,59.6,65.0,2012
90,DELAWARE,Female,363,339,252,69.3,74.4,235,64.6,69.3,2012
91,DELAWARE,White alone,521,488,365,70.1,74.7,336,64.5,68.8,2012
92,DELAWARE,.White non-Hispanic alone,474,468,355,74.9,75.9,328,69.0,69.9,2012
93,DELAWARE,Black alone,142,134,91,64.0,67.5,86,60.5,63.7,2012
94,DELAWARE,Asian alone,26,15,12,,,8,,,2012
95,DELAWARE,Hispanic (of any race),56,24,11,,,10,,,2012
96,DELAWARE,White alone or in combination,524,490,366,69.9,74.7,337,64.3,68.7,2012
97,DELAWARE,Black alone or in combination,144,136,92,63.5,67.5,86,59.5,63.3,2012
98,DELAWARE,Asian alone or in combination,26,15,12,,,8,,,2012
99,DISTRICT OF COLUMBIA,Total,517,461,385,74.4,83.4,350,67.7,75.9,2012
100,DISTRICT OF COLUMBIA,Male,240,212,173,71.8,81.4,154,64.2,72.7,2012
101,DISTRICT OF COLUMBIA,Female,277,249,212,76.6,85.0,196,70.8,78.6,2012
102,DISTRICT OF COLUMBIA,White alone,246,212,180,73.2,85.1,161,65.3,75.9,2012
103,DISTRICT OF COLUMBIA,.White non-Hispanic alone,208,197,171,82.0,86.4,151,72.8,76.7,2012
104,DISTRICT OF COLUMBIA,Black alone,244,231,191,78.0,82.6,177,72.6,76.8,2012
105,DISTRICT OF COLUMBIA,Asian alone,20,13,10,,,9,,,2012
106,DISTRICT OF COLUMBIA,Hispanic (of any race),48,19,14,,,13,,,2012
107,DISTRICT OF COLUMBIA,White alone or in combination,248,214,182,73.1,84.8,162,65.3,75.7,2012
108,DISTRICT OF COLUMBIA,Black alone or in combination,248,233,193,77.7,82.7,179,72.2,76.9,2012
109,DISTRICT OF COLUMBIA,Asian alone or in combination,21,15,10,,,9,,,2012
110,FLORIDA,Total,15034,13326,9102,60.5,68.3,8107,53.9,60.8,2012
111,FLORIDA,Male,7179,6346,4234,59.0,66.7,3727,51.9,58.7,2012
112,FLORIDA,Female,7855,6980,4869,62.0,69.8,4379,55.8,62.7,2012
113,FLORIDA,White alone,12054,10834,7515,62.3,69.4,6712,55.7,62.0,2012
114,FLORIDA,.White non-Hispanic alone,9024,8771,6039,66.9,68.9,5430,60.2,61.9,2012
115,FLORIDA,Black alone,2244,1919,1262,56.3,65.8,1104,49.2,57.6,2012
116,FLORIDA,Asian alone,496,360,174,35.1,48.4,155,31.2,43.0,2012
117,FLORIDA,Hispanic (of any race),3349,2250,1622,48.4,72.1,1399,41.8,62.2,2012
118,FLORIDA,White alone or in combination,12172,10941,7591,62.4,69.4,6783,55.7,62.0,2012
119,FLORIDA,Black alone or in combination,2283,1955,1295,56.7,66.2,1137,49.8,58.2,2012
120,FLORIDA,Asian alone or in combination,544,392,194,35.7,49.5,171,31.5,43.7,2012
121,GEORGIA,Total,7179,6738,4767,66.4,70.7,4168,58.1,61.9,2012
122,GEORGIA,Male,3424,3206,2178,63.6,67.9,1899,55.5,59.2,2012
123,GEORGIA,Female,3755,3532,2589,68.9,73.3,2269,60.4,64.2,2012
124,GEORGIA,White alone,4659,4388,3121,67.0,71.1,2683,57.6,61.1,2012
125,GEORGIA,.White non-Hispanic alone,4227,4176,3006,71.1,72.0,2590,61.3,62.0,2012
126,GEORGIA,Black alone,2151,2063,1491,69.3,72.3,1340,62.3,65.0,2012
127,GEORGIA,Asian alone,274,198,86,31.4,43.6,83,30.2,41.9,2012
128,GEORGIA,Hispanic (of any race),489,238,140,28.7,59.0,114,23.3,47.8,2012
129,GEORGIA,White alone or in combination,4697,4424,3148,67.0,71.2,2706,57.6,61.2,2012
130,GEORGIA,Black alone or in combination,2177,2087,1511,69.4,72.4,1354,62.2,64.9,2012
131,GEORGIA,Asian alone or in combination,280,203,86,30.8,42.4,83,29.6,40.8,2012
132,HAWAII,Total,1013,930,547,54.1,58.9,480,47.4,51.6,2012
133,HAWAII,Male,493,463,256,51.9,55.3,225,45.7,48.7,2012
134,HAWAII,Female,520,467,292,56.1,62.4,255,49.1,54.6,2012
135,HAWAII,White alone,238,228,170,71.3,74.4,153,64.2,66.9,2012
136,HAWAII,.White non-Hispanic alone,212,210,160,75.4,76.0,143,67.6,68.2,2012
137,HAWAII,Black alone,18,18,12,,,12,,,2012
138,HAWAII,Asian alone,459,403,227,49.5,56.3,201,43.7,49.7,2012
139,HAWAII,Hispanic (of any race),81,73,33,41.0,,25,31.4,,2012
140,HAWAII,White alone or in combination,362,350,236,65.3,67.5,208,57.4,59.3,2012
141,HAWAII,Black alone or in combination,27,27,18,,,18,,,2012
142,HAWAII,Asian alone or in combination,568,511,287,50.5,56.1,250,44.1,49.0,2012
143,IDAHO,Total,1129,1064,745,65.9,70.0,679,60.2,63.9,2012
144,IDAHO,Male,553,519,354,64.1,68.3,323,58.4,62.2,2012
145,IDAHO,Female,577,545,390,67.7,71.6,357,61.8,65.4,2012
146,IDAHO,White alone,1077,1021,726,67.4,71.1,661,61.4,64.8,2012
147,IDAHO,.White non-Hispanic alone,960,956,691,72.0,72.3,634,66.1,66.4,2012
148,IDAHO,Black alone,7,7,0,,,0,,,2012
149,IDAHO,Asian alone,15,6,2,,,2,,,2012
150,IDAHO,Hispanic (of any race),119,68,35,29.6,,27,22.5,,2012
151,IDAHO,White alone or in combination,1093,1037,735,67.3,70.9,670,61.3,64.6,2012
152,IDAHO,Black alone or in combination,9,9,1,,,1,,,2012
153,IDAHO,Asian alone or in combination,19,9,5,,,5,,,2012
154,ILLINOIS,Total,9651,8831,6425,66.6,72.7,5428,56.2,61.5,2012
155,ILLINOIS,Male,4638,4244,3010,64.9,70.9,2517,54.3,59.3,2012
156,ILLINOIS,Female,5013,4588,3415,68.1,74.4,2911,58.1,63.5,2012
157,ILLINOIS,White alone,7673,7115,5150,67.1,72.4,4275,55.7,60.1,2012
158,ILLINOIS,.White non-Hispanic alone,6553,6408,4762,72.7,74.3,3986,60.8,62.2,2012
159,ILLINOIS,Black alone,1322,1278,987,74.7,77.2,918,69.5,71.8,2012
160,ILLINOIS,Asian alone,557,356,228,40.9,64.0,198,35.5,55.4,2012
161,ILLINOIS,Hispanic (of any race),1200,770,415,34.6,53.9,295,24.6,38.3,2012
162,ILLINOIS,White alone or in combination,7751,7176,5189,66.9,72.3,4299,55.5,59.9,2012
163,ILLINOIS,Black alone or in combination,1372,1312,1009,73.5,76.9,934,68.0,71.1,2012
164,ILLINOIS,Asian alone or in combination,579,378,243,41.9,64.1,204,35.3,54.1,2012
165,INDIANA,Total,4852,4724,3270,67.4,69.2,2801,57.7,59.3,2012
166,INDIANA,Male,2326,2247,1542,66.3,68.7,1331,57.2,59.2,2012
167,INDIANA,Female,2526,2478,1727,68.4,69.7,1470,58.2,59.3,2012
168,INDIANA,White alone,4349,4255,2926,67.3,68.8,2509,57.7,59.0,2012
169,INDIANA,.White non-Hispanic alone,4179,4151,2861,68.4,68.9,2460,58.9,59.3,2012
170,INDIANA,Black alone,385,385,309,80.3,80.3,263,68.4,68.4,2012
171,INDIANA,Asian alone,75,41,19,,,14,,,2012
172,INDIANA,Hispanic (of any race),184,118,71,38.5,59.7,49,26.5,41.1,2012
173,INDIANA,White alone or in combination,4373,4279,2938,67.2,68.7,2521,57.7,58.9,2012
174,INDIANA,Black alone or in combination,409,409,316,77.1,77.1,270,65.9,65.9,2012
175,INDIANA,Asian alone or in combination,75,41,19,,,14,,,2012
176,IOWA,Total,2320,2232,1745,75.2,78.2,1548,66.7,69.4,2012
177,IOWA,Male,1135,1084,838,73.9,77.3,733,64.6,67.6,2012
178,IOWA,Female,1186,1148,906,76.4,79.0,816,68.8,71.1,2012
179,IOWA,White alone,2173,2123,1673,77.0,78.8,1482,68.2,69.8,2012
180,IOWA,.White non-Hispanic alone,2067,2057,1644,79.5,79.9,1455,70.4,70.7,2012
181,IOWA,Black alone,54,51,35,,,33,,,2012
182,IOWA,Asian alone,61,35,21,,,17,,,2012
183,IOWA,Hispanic (of any race),120,71,32,26.8,,30,25.1,,2012
184,IOWA,White alone or in combination,2197,2138,1685,76.7,78.8,1494,68.0,69.9,2012
185,IOWA,Black alone or in combination,67,59,41,,,39,,,2012
186,IOWA,Asian alone or in combination,67,35,21,,,17,,,2012
187,KANSAS,Total,2120,1973,1467,69.2,74.4,1249,58.9,63.3,2012
188,KANSAS,Male,1029,953,671,65.2,70.4,567,55.1,59.5,2012
189,KANSAS,Female,1091,1020,796,73.0,78.0,682,62.5,66.8,2012
190,KANSAS,White alone,1851,1759,1342,72.5,76.3,1148,62.0,65.3,2012
191,KANSAS,.White non-Hispanic alone,1675,1664,1294,77.2,77.8,1115,66.6,67.0,2012
192,KANSAS,Black alone,105,103,64,61.3,62.5,54,51.4,52.4,2012
193,KANSAS,Asian alone,66,27,9,,,6,,,2012
194,KANSAS,Hispanic (of any race),197,108,54,27.5,50.0,33,16.6,30.2,2012
195,KANSAS,White alone or in combination,1908,1809,1374,72.0,76.0,1172,61.4,64.8,2012
196,KANSAS,Black alone or in combination,126,124,74,58.5,59.4,63,50.2,51.0,2012
197,KANSAS,Asian alone or in combination,80,33,15,18.9,,8,10.6,,2012
198,KENTUCKY,Total,3291,3194,2303,70.0,72.1,1895,57.6,59.3,2012
199,KENTUCKY,Male,1581,1531,1041,65.8,68.0,843,53.3,55.1,2012
200,KENTUCKY,Female,1710,1663,1262,73.8,75.9,1052,61.5,63.3,2012
201,KENTUCKY,White alone,2966,2899,2091,70.5,72.1,1733,58.4,59.8,2012
202,KENTUCKY,.White non-Hispanic alone,2908,2886,2082,71.6,72.1,1723,59.3,59.7,2012
203,KENTUCKY,Black alone,223,220,162,72.8,73.8,125,56.1,56.9,2012
204,KENTUCKY,Asian alone,61,33,14,,,5,,,2012
205,KENTUCKY,Hispanic (of any race),82,34,20,24.0,,13,15.5,,2012
206,KENTUCKY,White alone or in combination,3001,2935,2120,70.6,72.2,1758,58.6,59.9,2012
207,KENTUCKY,Black alone or in combination,247,244,180,72.9,73.8,140,56.6,57.3,2012
208,KENTUCKY,Asian alone or in combination,64,36,17,,,8,,,2012
209,LOUISIANA,Total,3321,3239,2498,75.2,77.1,2148,64.7,66.3,2012
210,LOUISIANA,Male,1554,1494,1102,70.9,73.7,931,59.9,62.4,2012
211,LOUISIANA,Female,1766,1745,1396,79.0,80.0,1217,68.9,69.7,2012
212,LOUISIANA,White alone,2242,2174,1681,75.0,77.3,1421,63.4,65.4,2012
213,LOUISIANA,.White non-Hispanic alone,2141,2128,1644,76.8,77.3,1389,64.9,65.2,2012
214,LOUISIANA,Black alone,996,996,768,77.1,77.1,692,69.5,69.5,2012
215,LOUISIANA,Asian alone,37,23,6,,,6,,,2012
216,LOUISIANA,Hispanic (of any race),125,70,57,45.3,,48,38.1,,2012
217,LOUISIANA,White alone or in combination,2262,2194,1697,75.0,77.3,1428,63.2,65.1,2012
218,LOUISIANA,Black alone or in combination,1013,1013,786,77.5,77.5,700,69.1,69.1,2012
219,LOUISIANA,Asian alone or in combination,41,27,6,,,6,,,2012
220,MAINE,Total,1042,1020,787,75.5,77.1,700,67.2,68.6,2012
221,MAINE,Male,509,501,383,75.2,76.4,333,65.5,66.5,2012
222,MAINE,Female,533,519,404,75.8,77.9,367,68.8,70.7,2012
223,MAINE,White alone,1001,986,766,76.5,77.7,682,68.1,69.1,2012
224,MAINE,.White non-Hispanic alone,993,981,762,76.8,77.7,678,68.3,69.1,2012
225,MAINE,Black alone,8,7,4,,,4,,,2012
226,MAINE,Asian alone,14,8,3,,,2,,,2012
227,MAINE,Hispanic (of any race),10,7,4,,,4,,,2012
228,MAINE,White alone or in combination,1015,1000,776,76.4,77.6,691,68.0,69.0,2012
229,MAINE,Black alone or in combination,9,8,6,,,6,,,2012
230,MAINE,Asian alone or in combination,15,9,4,,,3,,,2012
231,MARYLAND,Total,4449,4007,2888,64.9,72.1,2609,58.7,65.1,2012
232,MARYLAND,Male,2101,1914,1336,63.6,69.8,1189,56.6,62.1,2012
233,MARYLAND,Female,2348,2093,1552,66.1,74.2,1421,60.5,67.9,2012
234,MARYLAND,White alone,2837,2635,1913,67.4,72.6,1711,60.3,65.0,2012
235,MARYLAND,.White non-Hispanic alone,2567,2511,1840,71.7,73.3,1648,64.2,65.6,2012
236,MARYLAND,Black alone,1276,1167,850,66.6,72.8,788,61.8,67.5,2012
237,MARYLAND,Asian alone,260,131,78,29.9,59.4,66,25.4,50.4,2012
238,MARYLAND,Hispanic (of any race),342,176,115,33.7,65.6,103,30.2,58.7,2012
239,MARYLAND,White alone or in combination,2886,2681,1940,67.2,72.4,1735,60.1,64.7,2012
240,MARYLAND,Black alone or in combination,1318,1206,880,66.8,73.0,819,62.1,67.9,2012
241,MARYLAND,Asian alone or in combination,277,149,90,32.4,60.5,75,26.9,50.3,2012
242,MASSACHUSETTS,Total,5170,4774,3759,72.7,78.7,3382,65.4,70.8,2012
243,MASSACHUSETTS,Male,2452,2238,1750,71.4,78.2,1576,64.3,70.4,2012
244,MASSACHUSETTS,Female,2718,2537,2009,73.9,79.2,1807,66.5,71.2,2012
245,MASSACHUSETTS,White alone,4358,4128,3331,76.4,80.7,3009,69.0,72.9,2012
246,MASSACHUSETTS,.White non-Hispanic alone,3991,3877,3161,79.2,81.5,2839,71.1,73.2,2012
247,MASSACHUSETTS,Black alone,385,321,228,59.2,70.9,211,54.7,65.6,2012
248,MASSACHUSETTS,Asian alone,317,219,119,37.6,54.3,98,30.8,44.5,2012
249,MASSACHUSETTS,Hispanic (of any race),453,322,216,47.6,66.9,202,44.6,62.7,2012
250,MASSACHUSETTS,White alone or in combination,4437,4206,3384,76.3,80.5,3054,68.8,72.6,2012
251,MASSACHUSETTS,Black alone or in combination,451,387,275,61.1,71.2,248,55.1,64.2,2012
252,MASSACHUSETTS,Asian alone or in combination,333,235,131,39.4,55.9,102,30.6,43.3,2012
253,MICHIGAN,Total,7496,7228,5620,75.0,77.8,4832,64.5,66.8,2012
254,MICHIGAN,Male,3601,3458,2663,73.9,77.0,2273,63.1,65.7,2012
255,MICHIGAN,Female,3895,3769,2957,75.9,78.4,2559,65.7,67.9,2012
256,MICHIGAN,White alone,6103,5971,4758,78.0,79.7,4065,66.6,68.1,2012
257,MICHIGAN,.White non-Hispanic alone,5918,5816,4629,78.2,79.6,3951,66.8,67.9,2012
258,MICHIGAN,Black alone,1028,991,687,66.8,69.3,627,61.0,63.3,2012
259,MICHIGAN,Asian alone,240,141,84,34.9,59.3,73,30.4,51.6,2012
260,MICHIGAN,Hispanic (of any race),285,225,193,67.9,86.0,158,55.4,70.3,2012
261,MICHIGAN,White alone or in combination,6176,6044,4810,77.9,79.6,4107,66.5,67.9,2012
262,MICHIGAN,Black alone or in combination,1062,1024,716,67.4,69.9,653,61.6,63.8,2012
263,MICHIGAN,Asian alone or in combination,255,157,97,37.8,61.7,75,29.5,48.1,2012
264,MINNESOTA,Total,4055,3903,3085,76.1,79.0,2859,70.5,73.2,2012
265,MINNESOTA,Male,1993,1921,1496,75.1,77.9,1374,68.9,71.5,2012
266,MINNESOTA,Female,2062,1981,1589,77.0,80.2,1485,72.0,75.0,2012
267,MINNESOTA,White alone,3639,3576,2846,78.2,79.6,2646,72.7,74.0,2012
268,MINNESOTA,.White non-Hispanic alone,3532,3508,2808,79.5,80.1,2615,74.0,74.5,2012
269,MINNESOTA,Black alone,179,142,95,52.9,66.9,88,49.2,62.1,2012
270,MINNESOTA,Asian alone,174,125,110,63.1,87.6,98,56.2,78.1,2012
271,MINNESOTA,Hispanic (of any race),136,96,54,39.9,56.1,44,32.5,45.7,2012
272,MINNESOTA,White alone or in combination,3680,3616,2868,77.9,79.3,2664,72.4,73.7,2012
273,MINNESOTA,Black alone or in combination,210,172,109,52.1,63.4,97,46.4,56.4,2012
274,MINNESOTA,Asian alone or in combination,186,138,115,61.7,83.5,99,53.4,72.3,2012
275,MISSISSIPPI,Total,2166,2130,1794,82.8,84.2,1588,73.3,74.5,2012
276,MISSISSIPPI,Male,1019,995,824,80.9,82.8,710,69.7,71.4,2012
277,MISSISSIPPI,Female,1147,1135,971,84.6,85.5,877,76.4,77.3,2012
278,MISSISSIPPI,White alone,1355,1338,1094,80.7,81.8,951,70.2,71.1,2012
279,MISSISSIPPI,.White non-Hispanic alone,1321,1321,1089,82.4,82.4,949,71.8,71.8,2012
280,MISSISSIPPI,Black alone,748,744,674,90.2,90.6,613,82.0,82.4,2012
281,MISSISSIPPI,Asian alone,26,10,5,,,2,,,2012
282,MISSISSIPPI,Hispanic (of any race),35,17,5,,,2,,,2012
283,MISSISSIPPI,White alone or in combination,1372,1354,1104,80.5,81.5,962,70.1,71.0,2012
284,MISSISSIPPI,Black alone or in combination,758,755,685,90.4,90.8,624,82.3,82.7,2012
285,MISSISSIPPI,Asian alone or in combination,26,10,5,,,2,,,2012
286,MISSOURI,Total,4521,4409,3384,74.8,76.7,2818,62.3,63.9,2012
287,MISSOURI,Male,2169,2114,1608,74.1,76.1,1321,60.9,62.5,2012
288,MISSOURI,Female,2352,2295,1776,75.5,77.4,1497,63.7,65.2,2012
289,MISSOURI,White alone,3887,3830,2923,75.2,76.3,2452,63.1,64.0,2012
290,MISSOURI,.White non-Hispanic alone,3765,3732,2857,75.9,76.6,2395,63.6,64.2,2012
291,MISSOURI,Black alone,484,465,374,77.2,80.3,313,64.7,67.3,2012
292,MISSOURI,Asian alone,67,30,23,,,20,,,2012
293,MISSOURI,Hispanic (of any race),140,104,71,50.9,68.6,63,45.0,60.7,2012
294,MISSOURI,White alone or in combination,3965,3908,2987,75.3,76.4,2485,62.7,63.6,2012
295,MISSOURI,Black alone or in combination,501,482,388,77.4,80.4,318,63.6,66.0,2012
296,MISSOURI,Asian alone or in combination,72,35,26,,,23,,,2012
297,MONTANA,Total,768,754,553,72.0,73.3,495,64.5,65.7,2012
298,MONTANA,Male,379,375,263,69.3,70.1,238,62.7,63.4,2012
299,MONTANA,Female,389,380,290,74.5,76.3,258,66.2,67.9,2012
300,MONTANA,White alone,698,689,506,72.5,73.5,461,66.1,67.0,2012
301,MONTANA,.White non-Hispanic alone,688,680,500,72.7,73.6,457,66.4,67.2,2012
302,MONTANA,Black alone,2,0,0,,,0,,,2012
303,MONTANA,Asian alone,2,0,0,,,0,,,2012
304,MONTANA,Hispanic (of any race),15,13,8,,,7,,,2012
305,MONTANA,White alone or in combination,712,702,514,72.2,73.2,466,65.4,66.3,2012
306,MONTANA,Black alone or in combination,2,0,0,,,0,,,2012
307,MONTANA,Asian alone or in combination,2,0,0,,,0,,,2012
308,NEBRASKA,Total,1371,1296,901,65.7,69.5,798,58.2,61.6,2012
309,NEBRASKA,Male,677,639,441,65.1,69.0,386,57.1,60.4,2012
310,NEBRASKA,Female,694,657,460,66.3,70.0,412,59.4,62.7,2012
311,NEBRASKA,White alone,1265,1210,846,66.8,69.9,750,59.3,62.0,2012
312,NEBRASKA,.White non-Hispanic alone,1161,1150,824,70.9,71.6,731,63.0,63.6,2012
313,NEBRASKA,Black alone,51,45,32,,,29,,,2012
314,NEBRASKA,Asian alone,31,18,7,,,5,,,2012
315,NEBRASKA,Hispanic (of any race),110,64,27,25.0,,21,19.4,,2012
316,NEBRASKA,White alone or in combination,1283,1227,857,66.8,69.9,762,59.4,62.0,2012
317,NEBRASKA,Black alone or in combination,55,50,37,,,33,,,2012
318,NEBRASKA,Asian alone or in combination,32,18,8,,,6,,,2012
319,NEVADA,Total,2039,1808,1176,57.7,65.0,1048,51.4,57.9,2012
320,NEVADA,Male,1015,910,574,56.5,63.1,511,50.3,56.2,2012
321,NEVADA,Female,1024,898,602,58.8,67.0,536,52.4,59.7,2012
322,NEVADA,White alone,1627,1439,947,58.2,65.8,845,51.9,58.7,2012
323,NEVADA,.White non-Hispanic alone,1194,1167,785,65.7,67.2,704,58.9,60.3,2012
324,NEVADA,Black alone,169,164,107,63.3,65.1,101,60.2,61.8,2012
325,NEVADA,Asian alone,152,115,82,54.4,71.9,67,44.5,58.8,2012
326,NEVADA,Hispanic (of any race),464,302,181,38.9,59.9,157,33.7,52.0,2012
327,NEVADA,White alone or in combination,1674,1484,966,57.7,65.1,860,51.4,57.9,2012
328,NEVADA,Black alone or in combination,185,181,112,60.6,62.1,107,57.7,59.2,2012
329,NEVADA,Asian alone or in combination,164,127,90,54.8,70.8,73,44.7,57.7,2012
330,NEW HAMPSHIRE,Total,1028,991,752,73.1,75.9,688,66.9,69.4,2012
331,NEW HAMPSHIRE,Male,503,482,353,70.3,73.4,322,64.0,66.8,2012
332,NEW HAMPSHIRE,Female,525,509,398,75.8,78.2,366,69.7,71.9,2012
333,NEW HAMPSHIRE,White alone,980,958,730,74.5,76.1,670,68.4,69.9,2012
334,NEW HAMPSHIRE,.White non-Hispanic alone,952,935,715,75.1,76.4,655,68.8,70.0,2012
335,NEW HAMPSHIRE,Black alone,12,10,7,,,6,,,2012
336,NEW HAMPSHIRE,Asian alone,20,9,5,,,4,,,2012
337,NEW HAMPSHIRE,Hispanic (of any race),29,23,15,,,15,,,2012
338,NEW HAMPSHIRE,White alone or in combination,993,970,738,74.3,76.1,677,68.2,69.8,2012
339,NEW HAMPSHIRE,Black alone or in combination,14,11,8,,,7,,,2012
340,NEW HAMPSHIRE,Asian alone or in combination,23,10,6,,,4,,,2012
341,NEW JERSEY,Total,6730,5929,4326,64.3,73.0,3670,54.5,61.9,2012
342,NEW JERSEY,Male,3215,2795,1982,61.6,70.9,1676,52.1,60.0,2012
343,NEW JERSEY,Female,3514,3134,2344,66.7,74.8,1994,56.7,63.6,2012
344,NEW JERSEY,White alone,5173,4695,3448,66.6,73.4,2907,56.2,61.9,2012
345,NEW JERSEY,.White non-Hispanic alone,4145,4030,3037,73.3,75.3,2556,61.7,63.4,2012
346,NEW JERSEY,Black alone,907,789,586,64.7,74.3,540,59.6,68.5,2012
347,NEW JERSEY,Asian alone,566,373,243,43.0,65.2,179,31.7,48.1,2012
348,NEW JERSEY,Hispanic (of any race),1170,773,468,40.0,60.6,395,33.8,51.1,2012
349,NEW JERSEY,White alone or in combination,5197,4719,3466,66.7,73.5,2926,56.3,62.0,2012
350,NEW JERSEY,Black alone or in combination,922,804,602,65.3,74.8,549,59.6,68.3,2012
351,NEW JERSEY,Asian alone or in combination,577,384,250,43.3,65.0,186,32.2,48.4,2012
352,NEW MEXICO,Total,1553,1426,978,63.0,68.6,878,56.5,61.6,2012
353,NEW MEXICO,Male,754,684,450,59.7,65.8,404,53.6,59.1,2012
354,NEW MEXICO,Female,799,742,528,66.1,71.2,474,59.3,63.9,2012
355,NEW MEXICO,White alone,1310,1215,875,66.8,72.0,789,60.2,64.9,2012
356,NEW MEXICO,.White non-Hispanic alone,729,713,545,74.8,76.4,503,69.0,70.5,2012
357,NEW MEXICO,Black alone,43,39,24,,,24,,,2012
358,NEW MEXICO,Asian alone,39,12,3,,,3,,,2012
359,NEW MEXICO,Hispanic (of any race),624,544,349,55.9,64.1,306,49.0,56.2,2012
360,NEW MEXICO,White alone or in combination,1318,1223,879,66.7,71.9,793,60.2,64.9,2012
361,NEW MEXICO,Black alone or in combination,43,39,24,,,24,,,2012
362,NEW MEXICO,Asian alone or in combination,43,16,3,,,3,,,2012
363,NEW YORK,Total,15066,13082,8887,59.0,67.9,7675,50.9,58.7,2012
364,NEW YORK,Male,7151,6194,4084,57.1,65.9,3503,49.0,56.5,2012
365,NEW YORK,Female,7916,6887,4803,60.7,69.7,4172,52.7,60.6,2012
366,NEW YORK,White alone,10925,9929,6837,62.6,68.9,5781,52.9,58.2,2012
367,NEW YORK,.White non-Hispanic alone,8992,8672,6075,67.6,70.1,5152,57.3,59.4,2012
368,NEW YORK,Black alone,2482,2103,1542,62.1,73.3,1456,58.7,69.2,2012
369,NEW YORK,Asian alone,1442,848,384,26.6,45.3,333,23.1,39.2,2012
370,NEW YORK,Hispanic (of any race),2363,1548,983,41.6,63.5,835,35.3,53.9,2012
371,NEW YORK,White alone or in combination,11077,10074,6920,62.5,68.7,5847,52.8,58.0,2012
372,NEW YORK,Black alone or in combination,2562,2177,1594,62.2,73.2,1503,58.7,69.0,2012
373,NEW YORK,Asian alone or in combination,1476,882,414,28.1,47.0,354,24.0,40.2,2012
374,NORTH CAROLINA,Total,7265,6712,5295,72.9,78.9,4624,63.7,68.9,2012
375,NORTH CAROLINA,Male,3439,3125,2401,69.8,76.8,2103,61.2,67.3,2012
376,NORTH CAROLINA,Female,3826,3587,2894,75.7,80.7,2521,65.9,70.3,2012
377,NORTH CAROLINA,White alone,5453,4966,3848,70.6,77.5,3276,60.1,66.0,2012
378,NORTH CAROLINA,.White non-Hispanic alone,4898,4820,3755,76.7,77.9,3194,65.2,66.3,2012
379,NORTH CAROLINA,Black alone,1529,1501,1279,83.7,85.3,1203,78.7,80.2,2012
380,NORTH CAROLINA,Asian alone,95,57,34,35.4,,34,35.4,,2012
381,NORTH CAROLINA,Hispanic (of any race),603,169,115,19.1,68.0,95,15.7,56.0,2012
382,NORTH CAROLINA,White alone or in combination,5520,5033,3905,70.8,77.6,3325,60.2,66.1,2012
383,NORTH CAROLINA,Black alone or in combination,1557,1529,1303,83.7,85.2,1227,78.8,80.2,2012
384,NORTH CAROLINA,Asian alone or in combination,103,65,42,40.4,,42,40.4,,2012
385,NORTH DAKOTA,Total,528,514,383,72.5,74.5,328,62.2,63.9,2012
386,NORTH DAKOTA,Male,263,256,192,73.0,74.9,165,62.8,64.5,2012
387,NORTH DAKOTA,Female,265,258,191,72.1,74.1,163,61.6,63.3,2012
388,NORTH DAKOTA,White alone,471,466,354,75.1,75.9,305,64.8,65.5,2012
389,NORTH DAKOTA,.White non-Hispanic alone,457,454,347,75.8,76.4,299,65.4,66.0,2012
390,NORTH DAKOTA,Black alone,6,4,2,,,2,,,2012
391,NORTH DAKOTA,Asian alone,7,1,0,,,0,,,2012
392,NORTH DAKOTA,Hispanic (of any race),16,14,7,,,6,,,2012
393,NORTH DAKOTA,White alone or in combination,475,469,357,75.2,76.0,308,64.8,65.5,2012
394,NORTH DAKOTA,Black alone or in combination,6,4,3,,,3,,,2012
395,NORTH DAKOTA,Asian alone or in combination,7,1,0,,,0,,,2012
396,OHIO,Total,8750,8550,6076,69.4,71.1,5395,61.7,63.1,2012
397,OHIO,Male,4175,4074,2798,67.0,68.7,2463,59.0,60.4,2012
398,OHIO,Female,4576,4476,3278,71.6,73.2,2932,64.1,65.5,2012
399,OHIO,White alone,7473,7373,5201,69.6,70.5,4565,61.1,61.9,2012
400,OHIO,.White non-Hispanic alone,7291,7262,5120,70.2,70.5,4498,61.7,61.9,2012
401,OHIO,Black alone,1028,975,723,70.3,74.2,699,68.0,71.7,2012
402,OHIO,Asian alone,104,60,41,40.0,,38,36.4,,2012
403,OHIO,Hispanic (of any race),252,173,116,45.9,67.0,98,39.0,56.9,2012
404,OHIO,White alone or in combination,7590,7486,5291,69.7,70.7,4640,61.1,62.0,2012
405,OHIO,Black alone or in combination,1088,1035,773,71.1,74.7,742,68.2,71.7,2012
406,OHIO,Asian alone or in combination,126,83,48,37.7,57.5,44,34.7,53.0,2012
407,OKLAHOMA,Total,2808,2733,1806,64.3,66.1,1431,51.0,52.4,2012
408,OKLAHOMA,Male,1358,1319,835,61.5,63.3,656,48.3,49.8,2012
409,OKLAHOMA,Female,1449,1414,970,66.9,68.6,775,53.5,54.8,2012
410,OKLAHOMA,White alone,2072,2018,1364,65.8,67.6,1101,53.1,54.6,2012
411,OKLAHOMA,.White non-Hispanic alone,1931,1925,1331,68.9,69.2,1076,55.7,55.9,2012
412,OKLAHOMA,Black alone,191,187,116,61.1,62.2,102,53.6,54.6,2012
413,OKLAHOMA,Asian alone,58,41,25,,,22,,,2012
414,OKLAHOMA,Hispanic (of any race),174,127,53,30.4,41.8,36,20.9,28.7,2012
415,OKLAHOMA,White alone or in combination,2285,2231,1501,65.7,67.3,1199,52.5,53.7,2012
416,OKLAHOMA,Black alone or in combination,223,220,139,62.1,63.1,121,54.2,55.0,2012
417,OKLAHOMA,Asian alone or in combination,72,55,32,,,25,,,2012
418,OREGON,Total,2998,2806,2086,69.6,74.3,1897,63.3,67.6,2012
419,OREGON,Male,1480,1377,990,66.9,71.9,893,60.3,64.8,2012
420,OREGON,Female,1518,1429,1095,72.2,76.6,1004,66.1,70.2,2012
421,OREGON,White alone,2633,2505,1903,72.3,76.0,1733,65.8,69.2,2012
422,OREGON,.White non-Hispanic alone,2438,2405,1849,75.9,76.9,1688,69.2,70.2,2012
423,OREGON,Black alone,57,40,32,,,26,,,2012
424,OREGON,Asian alone,101,71,23,22.5,,23,22.5,,2012
425,OREGON,Hispanic (of any race),226,121,69,30.6,57.2,60,26.7,50.0,2012
426,OREGON,White alone or in combination,2728,2594,1965,72.0,75.7,1786,65.5,68.9,2012
427,OREGON,Black alone or in combination,76,55,36,47.5,,28,36.9,,2012
428,OREGON,Asian alone or in combination,136,98,39,28.4,39.4,39,28.4,39.4,2012
429,PENNSYLVANIA,Total,9847,9452,6795,69.0,71.9,5824,59.1,61.6,2012
430,PENNSYLVANIA,Male,4727,4532,3217,68.0,71.0,2740,58.0,60.4,2012
431,PENNSYLVANIA,Female,5120,4919,3578,69.9,72.7,3084,60.2,62.7,2012
432,PENNSYLVANIA,White alone,8382,8228,5951,71.0,72.3,5074,60.5,61.7,2012
433,PENNSYLVANIA,.White non-Hispanic alone,7994,7901,5779,72.3,73.1,4937,61.8,62.5,2012
434,PENNSYLVANIA,Black alone,1006,940,675,67.0,71.8,614,61.0,65.2,2012
435,PENNSYLVANIA,Asian alone,272,110,68,25.0,61.7,53,19.3,47.6,2012
436,PENNSYLVANIA,Hispanic (of any race),501,407,225,45.0,55.3,184,36.7,45.1,2012
437,PENNSYLVANIA,White alone or in combination,8482,8327,6002,70.8,72.1,5118,60.3,61.5,2012
438,PENNSYLVANIA,Black alone or in combination,1078,1012,725,67.2,71.6,653,60.6,64.5,2012
439,PENNSYLVANIA,Asian alone or in combination,295,133,74,25.1,55.7,58,19.9,44.0,2012
440,RHODE ISLAND,Total,817,751,552,67.5,73.5,469,57.4,62.5,2012
441,RHODE ISLAND,Male,384,352,254,66.1,72.0,212,55.3,60.2,2012
442,RHODE ISLAND,Female,434,399,298,68.8,74.8,257,59.3,64.5,2012
443,RHODE ISLAND,White alone,713,673,497,69.7,74.0,420,58.9,62.5,2012
444,RHODE ISLAND,.White non-Hispanic alone,646,632,472,73.0,74.7,400,61.9,63.3,2012
445,RHODE ISLAND,Black alone,50,43,33,,,30,,,2012
446,RHODE ISLAND,Asian alone,25,16,6,,,5,,,2012
447,RHODE ISLAND,Hispanic (of any race),95,57,37,39.1,,32,33.6,,2012
448,RHODE ISLAND,White alone or in combination,734,686,508,69.2,74.1,430,58.5,62.6,2012
449,RHODE ISLAND,Black alone or in combination,65,54,41,,,37,,,2012
450,RHODE ISLAND,Asian alone or in combination,31,21,10,,,9,,,2012
451,SOUTH CAROLINA,Total,3516,3380,2479,70.5,73.3,2187,62.2,64.7,2012
452,SOUTH CAROLINA,Male,1660,1580,1096,66.1,69.4,940,56.6,59.5,2012
453,SOUTH CAROLINA,Female,1856,1801,1382,74.5,76.8,1247,67.2,69.3,2012
454,SOUTH CAROLINA,White alone,2508,2400,1745,69.6,72.7,1515,60.4,63.1,2012
455,SOUTH CAROLINA,.White non-Hispanic alone,2403,2363,1724,71.7,73.0,1500,62.4,63.5,2012
456,SOUTH CAROLINA,Black alone,919,911,691,75.1,75.8,631,68.7,69.3,2012
457,SOUTH CAROLINA,Asian alone,48,30,17,,,17,,,2012
458,SOUTH CAROLINA,Hispanic (of any race),114,37,21,18.7,,16,13.6,,2012
459,SOUTH CAROLINA,White alone or in combination,2538,2429,1760,69.4,72.5,1529,60.2,62.9,2012
460,SOUTH CAROLINA,Black alone or in combination,935,927,703,75.2,75.9,644,68.8,69.5,2012
461,SOUTH CAROLINA,Asian alone or in combination,48,30,17,,,17,,,2012
462,SOUTH DAKOTA,Total,616,607,454,73.7,74.8,370,60.1,61.0,2012
463,SOUTH DAKOTA,Male,304,300,220,72.3,73.3,180,59.1,59.9,2012
464,SOUTH DAKOTA,Female,312,307,235,75.1,76.3,191,61.1,62.0,2012
465,SOUTH DAKOTA,White alone,541,536,405,74.9,75.6,341,63.0,63.5,2012
466,SOUTH DAKOTA,.White non-Hispanic alone,527,526,400,75.9,76.1,338,64.2,64.3,2012
467,SOUTH DAKOTA,Black alone,6,5,3,,,0,,,2012
468,SOUTH DAKOTA,Asian alone,4,1,1,,,0,,,2012
469,SOUTH DAKOTA,Hispanic (of any race),16,13,6,,,3,,,2012
470,SOUTH DAKOTA,White alone or in combination,550,545,411,74.7,75.4,343,62.5,63.0,2012
471,SOUTH DAKOTA,Black alone or in combination,9,8,4,,,2,,,2012
472,SOUTH DAKOTA,Asian alone or in combination,4,1,1,,,0,,,2012
473,TENNESSEE,Total,4849,4678,3210,66.2,68.6,2606,53.7,55.7,2012
474,TENNESSEE,Male,2300,2203,1432,62.3,65.0,1172,50.9,53.2,2012
475,TENNESSEE,Female,2548,2475,1778,69.8,71.8,1434,56.3,57.9,2012
476,TENNESSEE,White alone,3925,3836,2621,66.8,68.3,2098,53.4,54.7,2012
477,TENNESSEE,.White non-Hispanic alone,3768,3746,2559,67.9,68.3,2052,54.5,54.8,2012
478,TENNESSEE,Black alone,768,722,513,66.8,71.1,441,57.4,61.1,2012
479,TENNESSEE,Asian alone,50,20,13,,,13,,,2012
480,TENNESSEE,Hispanic (of any race),241,134,107,44.4,79.7,84,34.7,62.3,2012
481,TENNESSEE,White alone or in combination,3996,3907,2669,66.8,68.3,2136,53.5,54.7,2012
482,TENNESSEE,Black alone or in combination,782,735,527,67.4,71.6,450,57.6,61.3,2012
483,TENNESSEE,Asian alone or in combination,70,41,33,,,33,,,2012
484,TEXAS,Total,18642,16062,10749,57.7,66.9,8643,46.4,53.8,2012
485,TEXAS,Male,9046,7719,4977,55.0,64.5,3925,43.4,50.8,2012
486,TEXAS,Female,9596,8344,5772,60.1,69.2,4719,49.2,56.6,2012
487,TEXAS,White alone,15029,12989,8643,57.5,66.5,6900,45.9,53.1,2012
488,TEXAS,.White non-Hispanic alone,8512,8360,6101,71.7,73.0,5087,59.8,60.9,2012
489,TEXAS,Black alone,2213,2144,1569,70.9,73.2,1352,61.1,63.1,2012
490,TEXAS,Asian alone,900,506,299,33.2,59.1,214,23.8,42.4,2012
491,TEXAS,Hispanic (of any race),6831,4867,2652,38.8,54.5,1890,27.7,38.8,2012
492,TEXAS,White alone or in combination,15200,13144,8749,57.6,66.6,6968,45.8,53.0,2012
493,TEXAS,Black alone or in combination,2293,2207,1606,70.0,72.8,1380,60.2,62.5,2012
494,TEXAS,Asian alone or in combination,909,515,305,33.5,59.2,220,24.2,42.8,2012
495,UTAH,Total,1917,1793,1138,59.4,63.5,1022,53.3,57.0,2012
496,UTAH,Male,940,869,543,57.8,62.4,494,52.6,56.9,2012
497,UTAH,Female,977,924,595,60.9,64.4,528,54.0,57.1,2012
498,UTAH,White alone,1780,1683,1089,61.2,64.7,989,55.6,58.8,2012
499,UTAH,.White non-Hispanic alone,1561,1546,1030,66.0,66.6,943,60.4,61.0,2012
500,UTAH,Black alone,23,18,9,,,9,,,2012
501,UTAH,Asian alone,57,37,20,,,12,,,2012
502,UTAH,Hispanic (of any race),233,151,61,26.1,40.1,49,20.9,32.1,2012
503,UTAH,White alone or in combination,1808,1712,1097,60.7,64.1,997,55.1,58.2,2012
504,UTAH,Black alone or in combination,34,28,11,,,11,,,2012
505,UTAH,Asian alone or in combination,59,40,22,,,14,,,2012
506,VERMONT,Total,496,487,357,72.0,73.4,308,62.1,63.3,2012
507,VERMONT,Male,241,237,168,69.8,70.7,146,60.6,61.4,2012
508,VERMONT,Female,255,249,189,74.2,75.9,162,63.5,65.0,2012
509,VERMONT,White alone,470,464,341,72.6,73.5,293,62.4,63.2,2012
510,VERMONT,.White non-Hispanic alone,466,461,339,72.8,73.6,291,62.5,63.2,2012
511,VERMONT,Black alone,5,5,3,,,3,,,2012
512,VERMONT,Asian alone,7,4,4,,,3,,,2012
513,VERMONT,Hispanic (of any race),6,5,3,,,3,,,2012
514,VERMONT,White alone or in combination,480,474,348,72.5,73.4,300,62.5,63.2,2012
515,VERMONT,Black alone or in combination,6,6,3,,,3,,,2012
516,VERMONT,Asian alone or in combination,8,5,4,,,4,,,2012
517,VIRGINIA,Total,6094,5645,4210,69.1,74.6,3778,62.0,66.9,2012
518,VIRGINIA,Male,2890,2648,1931,66.8,72.9,1709,59.1,64.5,2012
519,VIRGINIA,Female,3204,2998,2279,71.1,76.0,2069,64.6,69.0,2012
520,VIRGINIA,White alone,4496,4245,3222,71.7,75.9,2872,63.9,67.6,2012
521,VIRGINIA,.White non-Hispanic alone,4169,4114,3118,74.8,75.8,2778,66.6,67.5,2012
522,VIRGINIA,Black alone,1133,1063,772,68.1,72.6,715,63.1,67.2,2012
523,VIRGINIA,Asian alone,316,223,136,43.1,61.1,118,37.3,53.0,2012
524,VIRGINIA,Hispanic (of any race),375,154,114,30.3,73.6,103,27.5,66.8,2012
525,VIRGINIA,White alone or in combination,4594,4329,3278,71.4,75.7,2925,63.7,67.6,2012
526,VIRGINIA,Black alone or in combination,1206,1125,810,67.2,72.0,753,62.4,66.9,2012
527,VIRGINIA,Asian alone or in combination,332,236,144,43.5,61.2,126,38.0,53.5,2012
528,WASHINGTON,Total,5230,4832,3533,67.6,73.1,3172,60.7,65.6,2012
529,WASHINGTON,Male,2546,2338,1658,65.1,70.9,1491,58.5,63.8,2012
530,WASHINGTON,Female,2684,2495,1875,69.9,75.2,1682,62.7,67.4,2012
531,WASHINGTON,White alone,4301,4039,2987,69.4,74.0,2696,62.7,66.8,2012
532,WASHINGTON,.White non-Hispanic alone,3936,3829,2875,73.0,75.1,2603,66.1,68.0,2012
533,WASHINGTON,Black alone,162,149,103,63.8,69.5,72,44.3,48.3,2012
534,WASHINGTON,Asian alone,377,255,178,47.2,69.7,169,44.7,66.0,2012
535,WASHINGTON,Hispanic (of any race),460,298,172,37.5,58.0,139,30.2,46.6,2012
536,WASHINGTON,White alone or in combination,4550,4288,3171,69.7,73.9,2868,63.0,66.9,2012
537,WASHINGTON,Black alone or in combination,214,201,146,68.2,72.8,115,53.5,57.0,2012
538,WASHINGTON,Asian alone or in combination,452,331,236,52.2,71.4,223,49.2,67.3,2012
539,WEST VIRGINIA,Total,1452,1442,982,67.6,68.1,690,47.5,47.8,2012
540,WEST VIRGINIA,Male,705,700,474,67.3,67.7,332,47.0,47.4,2012
541,WEST VIRGINIA,Female,747,742,508,67.9,68.4,358,47.9,48.2,2012
542,WEST VIRGINIA,White alone,1391,1386,948,68.2,68.4,665,47.8,48.0,2012
543,WEST VIRGINIA,.White non-Hispanic alone,1381,1378,944,68.4,68.6,662,48.0,48.1,2012
544,WEST VIRGINIA,Black alone,40,38,23,,,19,,,2012
545,WEST VIRGINIA,Asian alone,7,5,3,,,1,,,2012
546,WEST VIRGINIA,Hispanic (of any race),14,13,8,,,4,,,2012
547,WEST VIRGINIA,White alone or in combination,1400,1395,951,68.0,68.2,668,47.7,47.9,2012
548,WEST VIRGINIA,Black alone or in combination,41,39,24,,,20,,,2012
549,WEST VIRGINIA,Asian alone or in combination,7,5,3,,,1,,,2012
550,WISCONSIN,Total,4352,4247,3318,76.3,78.1,3127,71.9,73.6,2012
551,WISCONSIN,Male,2115,2058,1554,73.5,75.5,1460,69.0,70.9,2012
552,WISCONSIN,Female,2236,2189,1764,78.9,80.6,1667,74.6,76.2,2012
553,WISCONSIN,White alone,3920,3856,3030,77.3,78.6,2854,72.8,74.0,2012
554,WISCONSIN,.White non-Hispanic alone,3751,3728,2968,79.1,79.6,2797,74.6,75.0,2012
555,WISCONSIN,Black alone,242,227,184,76.1,81.0,178,73.7,78.5,2012
556,WISCONSIN,Asian alone,35,20,15,,,15,,,2012
557,WISCONSIN,Hispanic (of any race),214,163,76,35.5,46.8,71,33.3,43.9,2012
558,WISCONSIN,White alone or in combination,3967,3898,3061,77.2,78.5,2885,72.7,74.0,2012
559,WISCONSIN,Black alone or in combination,255,241,198,77.3,82.1,192,75.1,79.6,2012
560,WISCONSIN,Asian alone or in combination,40,25,17,,,17,,,2012
561,WYOMING,Total,427,419,268,62.8,63.9,247,57.8,58.9,2012
562,WYOMING,Male,213,209,127,59.6,61.0,118,55.2,56.4,2012
563,WYOMING,Female,213,211,141,65.9,66.7,129,60.4,61.2,2012
564,WYOMING,White alone,403,396,259,64.2,65.3,240,59.4,60.4,2012
565,WYOMING,.White non-Hispanic alone,373,372,249,66.8,67.0,232,62.1,62.3,2012
566,WYOMING,Black alone,3,3,1,,,1,,,2012
567,WYOMING,Asian alone,2,0,0,,,0,,,2012
568,WYOMING,Hispanic (of any race),32,27,10,,,8,,,2012
569,WYOMING,White alone or in combination,409,402,262,64.1,65.2,243,59.4,60.4,2012
570,WYOMING,Black alone or in combination,4,4,2,,,2,,,2012
571,WYOMING,Asian alone or in combination,4,3,2,,,2,,,2012
0,US,Total,245502,224059,157596,64.2,70.3,137537,56.0,61.4,2016
1,US,Male,118488,107554,73761,62.3,68.6,63801,53.8,59.3,2016
2,US,Female,127013,116505,83835,66.0,72.0,73735,58.1,63.3,2016
3,US,White alone,192129,177865,127463,66.3,71.7,111891,58.2,62.9,2016
4,US,White non-Hispanic alone,157395,154450,114151,72.5,73.9,100849,64.1,65.3,2016
5,US,Black alone,30608,28808,19984,65.3,69.4,17119,55.9,59.4,2016
6,US,Asian alone,14881,10283,5785,38.9,56.3,5043,33.9,49.0,2016
7,US,Hispanic (of any race),38990,26662,15267,39.2,57.3,12682,32.5,47.6,2016
8,US,White alone or in combination,195716,181268,129664,66.3,71.5,113707,58.1,62.7,2016
9,US,Black alone or in combination,32211,30326,20935,65.0,69.0,17875,55.5,58.9,2016
10,US,Asian alone or in combination,15750,11118,6369,40.4,57.3,5542,35.2,49.9,2016
11,ALABAMA,Total,3717,3651,2526,68.0,69.2,2095,56.4,57.4,2016
12,ALABAMA,Male,1761,1718,1155,65.6,67.2,944,53.6,54.9,2016
13,ALABAMA,Female,1955,1933,1371,70.1,70.9,1151,58.9,59.6,2016
14,ALABAMA,White alone,2633,2604,1772,67.3,68.0,1465,55.6,56.2,2016
15,ALABAMA,White non-Hispanic alone,2532,2526,1742,68.8,69.0,1441,56.9,57.0,2016
16,ALABAMA,Black alone,962,953,694,72.2,72.8,579,60.2,60.8,2016
17,ALABAMA,Asian alone,27,10,3,,,3,,,2016
18,ALABAMA,Hispanic (of any race),117,83,32,,,27,,,2016
19,ALABAMA,White alone or in combination,2673,2644,1801,67.4,68.1,1489,55.7,56.3,2016
20,ALABAMA,Black alone or in combination,985,976,704,71.5,72.1,587,59.6,60.2,2016
21,ALABAMA,Asian alone or in combination,36,19,6,,,6,,,2016
22,ALASKA,Total,518,502,358,69.1,71.3,308,59.4,61.3,2016
23,ALASKA,Male,267,258,181,67.9,70.1,152,57.0,58.8,2016
24,ALASKA,Female,251,243,177,70.3,72.6,156,62.0,64.0,2016
25,ALASKA,White alone,346,340,261,75.5,76.8,234,67.7,68.9,2016
26,ALASKA,White non-Hispanic alone,334,329,252,75.5,76.7,226,67.7,68.7,2016
27,ALASKA,Black alone,17,17,10,,,8,,,2016
28,ALASKA,Asian alone,27,19,9,,,8,,,2016
29,ALASKA,Hispanic (of any race),24,23,17,,,17,,,2016
30,ALASKA,White alone or in combination,369,363,279,75.8,77.0,250,67.9,69.0,2016
31,ALASKA,Black alone or in combination,26,26,14,,,12,,,2016
32,ALASKA,Asian alone or in combination,32,24,13,,,12,,,2016
33,ARIZONA,Total,5196,4585,3145,60.5,68.6,2769,53.3,60.4,2016
34,ARIZONA,Male,2525,2256,1485,58.8,65.8,1273,50.4,56.5,2016
35,ARIZONA,Female,2671,2329,1660,62.2,71.3,1496,56.0,64.2,2016
36,ARIZONA,White alone,4471,3950,2773,62.0,70.2,2480,55.5,62.8,2016
37,ARIZONA,White non-Hispanic alone,2940,2875,2145,73.0,74.6,1963,66.8,68.3,2016
38,ARIZONA,Black alone,252,237,165,65.6,69.8,121,47.9,50.9,2016
39,ARIZONA,Asian alone,169,108,69,40.6,63.3,56,33.1,51.6,2016
40,ARIZONA,Hispanic (of any race),1613,1145,654,40.5,57.1,543,33.7,47.4,2016
41,ARIZONA,White alone or in combination,4571,4048,2815,61.6,69.5,2518,55.1,62.2,2016
42,ARIZONA,Black alone or in combination,296,281,183,61.7,65.0,138,46.6,49.1,2016
43,ARIZONA,Asian alone or in combination,180,117,78,43.0,66.1,56,31.0,47.7,2016
44,ARKANSAS,Total,2216,2116,1456,65.7,68.8,1241,56.0,58.7,2016
45,ARKANSAS,Male,1055,1001,679,64.4,67.8,574,54.4,57.4,2016
46,ARKANSAS,Female,1161,1115,777,66.9,69.7,667,57.4,59.8,2016
47,ARKANSAS,White alone,1822,1749,1196,65.6,68.4,1032,56.7,59.0,2016
48,ARKANSAS,White non-Hispanic alone,1689,1674,1166,69.1,69.7,1008,59.7,60.2,2016
49,ARKANSAS,Black alone,321,316,231,71.9,73.0,186,57.9,58.8,2016
50,ARKANSAS,Asian alone,36,16,6,,,6,,,2016
51,ARKANSAS,Hispanic (of any race),135,77,29,,,24,,,2016
52,ARKANSAS,White alone or in combination,1848,1775,1213,65.6,68.3,1043,56.5,58.8,2016
53,ARKANSAS,Black alone or in combination,325,320,235,72.2,73.3,190,58.4,59.3,2016
54,ARKANSAS,Asian alone or in combination,36,16,6,,,6,,,2016
55,CALIFORNIA,Total,29894,24890,16096,53.8,64.7,14416,48.2,57.9,2016
56,CALIFORNIA,Male,14604,12131,7663,52.5,63.2,6833,46.8,56.3,2016
57,CALIFORNIA,Female,15289,12759,8433,55.2,66.1,7583,49.6,59.4,2016
58,CALIFORNIA,White alone,21592,18104,12084,56.0,66.7,10908,50.5,60.3,2016
59,CALIFORNIA,White non-Hispanic alone,12480,11954,8732,70.0,73.0,8020,64.3,67.1,2016
60,CALIFORNIA,Black alone,1849,1768,1018,55.0,57.6,856,46.3,48.4,2016
61,CALIFORNIA,Asian alone,4838,3585,2080,43.0,58.0,1859,38.4,51.9,2016
62,CALIFORNIA,Hispanic (of any race),10221,7092,3882,38.0,54.7,3345,32.7,47.2,2016
63,CALIFORNIA,White alone or in combination,22327,18781,12589,56.4,67.0,11363,50.9,60.5,2016
64,CALIFORNIA,Black alone or in combination,2111,2007,1161,55.0,57.9,990,46.9,49.3,2016
65,CALIFORNIA,Asian alone or in combination,5066,3798,2243,44.3,59.0,2007,39.6,52.8,2016
66,COLORADO,Total,4242,3895,2893,68.2,74.3,2707,63.8,69.5,2016
67,COLORADO,Male,2102,1902,1401,66.7,73.7,1297,61.7,68.2,2016
68,COLORADO,Female,2140,1994,1492,69.7,74.8,1410,65.9,70.7,2016
69,COLORADO,White alone,3743,3517,2663,71.2,75.7,2494,66.6,70.9,2016
70,COLORADO,White non-Hispanic alone,3181,3125,2421,76.1,77.5,2281,71.7,73.0,2016
71,COLORADO,Black alone,185,167,124,67.0,74.1,124,67.0,74.1,2016
72,COLORADO,Asian alone,170,104,39,22.7,37.0,35,20.5,33.4,2016
73,COLORADO,Hispanic (of any race),633,426,272,42.9,63.8,237,37.4,55.6,2016
74,COLORADO,White alone or in combination,3857,3595,2711,70.3,75.4,2538,65.8,70.6,2016
75,COLORADO,Black alone or in combination,188,170,127,67.6,74.6,127,67.6,74.6,2016
76,COLORADO,Asian alone or in combination,188,122,52,27.5,42.2,44,23.5,36.1,2016
77,CONNECTICUT,Total,2759,2483,1763,63.9,71.0,1586,57.5,63.9,2016
78,CONNECTICUT,Male,1321,1182,798,60.4,67.5,718,54.4,60.7,2016
79,CONNECTICUT,Female,1438,1301,965,67.1,74.2,868,60.4,66.7,2016
80,CONNECTICUT,White alone,2258,2090,1538,68.1,73.6,1378,61.0,65.9,2016
81,CONNECTICUT,White non-Hispanic alone,1959,1897,1427,72.8,75.2,1287,65.7,67.8,2016
82,CONNECTICUT,Black alone,297,266,157,53.0,59.2,142,47.9,53.5,2016
83,CONNECTICUT,Asian alone,143,83,31,,,29,,,2016
84,CONNECTICUT,Hispanic (of any race),417,278,151,36.3,54.4,131,31.5,47.2,2016
85,CONNECTICUT,White alone or in combination,2281,2113,1561,68.4,73.9,1401,61.4,66.3,2016
86,CONNECTICUT,Black alone or in combination,324,293,185,57.0,63.0,170,52.3,57.9,2016
87,CONNECTICUT,Asian alone or in combination,148,88,36,,,34,,,2016
88,DELAWARE,Total,729,669,487,66.8,72.8,417,57.2,62.3,2016
89,DELAWARE,Male,342,306,216,63.0,70.4,183,53.5,59.7,2016
90,DELAWARE,Female,387,362,271,70.1,74.8,234,60.4,64.5,2016
91,DELAWARE,White alone,527,494,372,70.6,75.4,319,60.6,64.7,2016
92,DELAWARE,White non-Hispanic alone,472,464,360,76.3,77.6,308,65.2,66.3,2016
93,DELAWARE,Black alone,148,144,96,64.9,66.5,82,55.1,56.5,2016
94,DELAWARE,Asian alone,44,22,12,,,11,,,2016
95,DELAWARE,Hispanic (of any race),66,39,19,,,14,,,2016
96,DELAWARE,White alone or in combination,535,501,378,70.7,75.5,323,60.3,64.4,2016
97,DELAWARE,Black alone or in combination,154,150,100,65.2,66.8,83,54.2,55.5,2016
98,DELAWARE,Asian alone or in combination,45,22,12,,,12,,,2016
99,DISTRICT OF COLUMBIA,Total,553,512,420,75.9,82.1,380,68.7,74.3,2016
100,DISTRICT OF COLUMBIA,Male,255,237,190,74.8,80.4,168,66.1,71.0,2016
101,DISTRICT OF COLUMBIA,Female,299,275,229,76.8,83.5,212,71.0,77.2,2016
102,DISTRICT OF COLUMBIA,White alone,264,243,209,79.5,86.3,194,73.7,80.0,2016
103,DISTRICT OF COLUMBIA,White non-Hispanic alone,231,222,195,84.6,88.2,181,78.6,81.9,2016
104,DISTRICT OF COLUMBIA,Black alone,250,238,184,73.9,77.5,162,64.8,68.0,2016
105,DISTRICT OF COLUMBIA,Asian alone,27,18,14,,,13,,,2016
106,DISTRICT OF COLUMBIA,Hispanic (of any race),42,28,20,,,18,,,2016
107,DISTRICT OF COLUMBIA,White alone or in combination,274,253,219,80.0,86.6,203,74.3,80.5,2016
108,DISTRICT OF COLUMBIA,Black alone or in combination,259,247,192,74.2,77.7,169,65.4,68.4,2016
109,DISTRICT OF COLUMBIA,Asian alone or in combination,29,20,16,,,15,,,2016
110,FLORIDA,Total,16202,14428,9604,59.3,66.6,8578,52.9,59.5,2016
111,FLORIDA,Male,7736,6868,4377,56.6,63.7,3920,50.7,57.1,2016
112,FLORIDA,Female,8466,7560,5226,61.7,69.1,4658,55.0,61.6,2016
113,FLORIDA,White alone,13097,11793,8141,62.2,69.0,7277,55.6,61.7,2016
114,FLORIDA,White non-Hispanic alone,9307,9066,6432,69.1,70.9,5781,62.1,63.8,2016
115,FLORIDA,Black alone,2434,2083,1149,47.2,55.2,1051,43.2,50.5,2016
116,FLORIDA,Asian alone,483,381,192,39.7,50.3,154,31.9,40.4,2016
117,FLORIDA,Hispanic (of any race),4010,2871,1779,44.4,62.0,1552,38.7,54.1,2016
118,FLORIDA,White alone or in combination,13217,11899,8212,62.1,69.0,7336,55.5,61.7,2016
119,FLORIDA,Black alone or in combination,2496,2135,1184,47.4,55.4,1077,43.2,50.4,2016
120,FLORIDA,Asian alone or in combination,525,424,212,40.4,50.1,170,32.3,40.0,2016
121,GEORGIA,Total,7626,7048,4892,64.1,69.4,4246,55.7,60.2,2016
122,GEORGIA,Male,3623,3317,2237,61.7,67.4,1908,52.7,57.5,2016
123,GEORGIA,Female,4003,3731,2655,66.3,71.2,2338,58.4,62.7,2016
124,GEORGIA,White alone,4798,4453,3179,66.2,71.4,2786,58.1,62.6,2016
125,GEORGIA,White non-Hispanic alone,4184,4142,3028,72.4,73.1,2643,63.2,63.8,2016
126,GEORGIA,Black alone,2325,2255,1552,66.8,68.8,1346,57.9,59.7,2016
127,GEORGIA,Asian alone,365,225,101,27.7,44.9,71,19.3,31.3,2016
128,GEORGIA,Hispanic (of any race),680,335,168,24.8,50.2,161,23.6,47.9,2016
129,GEORGIA,White alone or in combination,4872,4526,3224,66.2,71.2,2815,57.8,62.2,2016
130,GEORGIA,Black alone or in combination,2364,2294,1578,66.8,68.8,1360,57.5,59.3,2016
131,GEORGIA,Asian alone or in combination,375,235,106,28.3,45.1,71,18.8,30.0,2016
132,HAWAII,Total,1064,974,530,49.8,54.4,460,43.3,47.3,2016
133,HAWAII,Male,519,476,249,48.0,52.3,215,41.5,45.2,2016
134,HAWAII,Female,545,498,281,51.6,56.5,245,45.0,49.3,2016
135,HAWAII,White alone,225,220,144,63.9,65.4,129,57.4,58.7,2016
136,HAWAII,White non-Hispanic alone,209,205,138,66.3,67.5,126,60.2,61.3,2016
137,HAWAII,Black alone,24,24,16,,,15,,,2016
138,HAWAII,Asian alone,492,417,206,41.8,49.3,182,37.0,43.6,2016
139,HAWAII,Hispanic (of any race),78,74,43,,,36,,,2016
140,HAWAII,White alone or in combination,368,361,229,62.2,63.2,197,53.6,54.6,2016
141,HAWAII,Black alone or in combination,31,30,19,,,17,,,2016
142,HAWAII,Asian alone or in combination,624,548,281,45.0,51.2,246,39.4,44.8,2016
143,IDAHO,Total,1224,1150,790,64.5,68.7,714,58.3,62.1,2016
144,IDAHO,Male,607,571,386,63.5,67.5,346,57.0,60.6,2016
145,IDAHO,Female,618,579,404,65.4,69.8,368,59.5,63.5,2016
146,IDAHO,White alone,1151,1095,757,65.8,69.1,687,59.7,62.8,2016
147,IDAHO,White non-Hispanic alone,1002,994,711,70.9,71.5,647,64.6,65.1,2016
148,IDAHO,Black alone,6,5,3,,,2,,,2016
149,IDAHO,Asian alone,27,12,7,,,6,,,2016
150,IDAHO,Hispanic (of any race),163,114,55,33.5,48.0,49,29.9,42.9,2016
151,IDAHO,White alone or in combination,1175,1118,770,65.5,68.9,698,59.3,62.4,2016
152,IDAHO,Black alone or in combination,8,7,3,,,2,,,2016
153,IDAHO,Asian alone or in combination,31,14,9,,,8,,,2016
154,ILLINOIS,Total,9723,8970,6665,68.5,74.3,5719,58.8,63.8,2016
155,ILLINOIS,Male,4692,4307,3174,67.7,73.7,2673,57.0,62.1,2016
156,ILLINOIS,Female,5031,4663,3490,69.4,74.9,3046,60.6,65.3,2016
157,ILLINOIS,White alone,7647,7100,5391,70.5,75.9,4636,60.6,65.3,2016
158,ILLINOIS,White non-Hispanic alone,6297,6153,4839,76.8,78.6,4174,66.3,67.8,2016
159,ILLINOIS,Black alone,1358,1321,932,68.6,70.6,776,57.1,58.7,2016
160,ILLINOIS,Asian alone,542,391,231,42.5,58.9,200,37.0,51.3,2016
161,ILLINOIS,Hispanic (of any race),1490,1073,634,42.5,59.1,527,35.4,49.2,2016
162,ILLINOIS,White alone or in combination,7711,7165,5438,70.5,75.9,4679,60.7,65.3,2016
163,ILLINOIS,Black alone or in combination,1390,1353,963,69.3,71.2,807,58.1,59.7,2016
164,ILLINOIS,Asian alone or in combination,563,408,244,43.3,59.7,214,37.9,52.4,2016
165,INDIANA,Total,4988,4795,3298,66.1,68.8,2795,56.0,58.3,2016
166,INDIANA,Male,2426,2306,1595,65.7,69.2,1343,55.4,58.3,2016
167,INDIANA,Female,2562,2490,1704,66.5,68.4,1452,56.6,58.3,2016
168,INDIANA,White alone,4309,4191,2895,67.2,69.1,2467,57.2,58.9,2016
169,INDIANA,White non-Hispanic alone,4102,4059,2832,69.0,69.8,2409,58.7,59.4,2016
170,INDIANA,Black alone,473,442,284,59.9,64.2,228,48.2,51.6,2016
171,INDIANA,Asian alone,109,77,55,,,48,,,2016
172,INDIANA,Hispanic (of any race),224,138,69,30.9,50.1,63,28.3,46.0,2016
173,INDIANA,White alone or in combination,4378,4260,2949,67.4,69.2,2513,57.4,59.0,2016
174,INDIANA,Black alone or in combination,491,460,298,60.8,64.9,238,48.5,51.8,2016
175,INDIANA,Asian alone or in combination,130,97,72,,,65,,,2016
176,IOWA,Total,2394,2292,1657,69.2,72.3,1454,60.7,63.4,2016
177,IOWA,Male,1172,1111,780,66.5,70.2,673,57.4,60.6,2016
178,IOWA,Female,1221,1181,877,71.8,74.2,781,63.9,66.1,2016
179,IOWA,White alone,2201,2159,1587,72.1,73.5,1393,63.3,64.5,2016
180,IOWA,White non-Hispanic alone,2126,2114,1558,73.3,73.7,1370,64.4,64.8,2016
181,IOWA,Black alone,73,65,39,,,34,,,2016
182,IOWA,Asian alone,66,30,15,,,13,,,2016
183,IOWA,Hispanic (of any race),97,51,29,,,23,,,2016
184,IOWA,White alone or in combination,2226,2184,1599,71.8,73.2,1403,63.0,64.2,2016
185,IOWA,Black alone or in combination,84,76,39,,,34,,,2016
186,IOWA,Asian alone or in combination,68,32,17,,,13,,,2016
187,KANSAS,Total,2142,2029,1438,67.1,70.9,1243,58.0,61.3,2016
188,KANSAS,Male,1048,992,671,64.0,67.6,570,54.4,57.5,2016
189,KANSAS,Female,1094,1036,767,70.1,74.0,673,61.5,64.9,2016
190,KANSAS,White alone,1883,1798,1307,69.4,72.7,1149,61.0,63.9,2016
191,KANSAS,White non-Hispanic alone,1678,1672,1244,74.1,74.4,1091,65.0,65.3,2016
192,KANSAS,Black alone,121,121,75,61.8,61.8,54,44.5,44.5,2016
193,KANSAS,Asian alone,59,31,15,,,7,,,2016
194,KANSAS,Hispanic (of any race),217,138,76,34.9,54.7,68,31.2,48.9,2016
195,KANSAS,White alone or in combination,1923,1838,1335,69.4,72.6,1170,60.8,63.6,2016
196,KANSAS,Black alone or in combination,136,136,82,60.4,60.4,56,41.2,41.2,2016
197,KANSAS,Asian alone or in combination,64,36,19,,,11,,,2016
198,KENTUCKY,Total,3348,3246,2253,67.3,69.4,1850,55.3,57.0,2016
199,KENTUCKY,Male,1614,1550,1035,64.1,66.8,861,53.3,55.5,2016
200,KENTUCKY,Female,1734,1697,1218,70.3,71.8,989,57.0,58.3,2016
201,KENTUCKY,White alone,3014,2953,2038,67.6,69.0,1669,55.4,56.5,2016
202,KENTUCKY,White non-Hispanic alone,2892,2881,1998,69.1,69.3,1634,56.5,56.7,2016
203,KENTUCKY,Black alone,250,231,187,74.9,81.2,159,63.7,69.1,2016
204,KENTUCKY,Asian alone,28,14,3,,,3,,,2016
205,KENTUCKY,Hispanic (of any race),138,79,44,,,38,,,2016
206,KENTUCKY,White alone or in combination,3052,2991,2055,67.3,68.7,1680,55.0,56.1,2016
207,KENTUCKY,Black alone or in combination,281,262,210,74.5,80.0,175,62.3,66.9,2016
208,KENTUCKY,Asian alone or in combination,36,23,8,,,8,,,2016
209,LOUISIANA,Total,3463,3353,2446,70.6,73.0,2067,59.7,61.6,2016
210,LOUISIANA,Male,1650,1580,1119,67.8,70.8,925,56.1,58.5,2016
211,LOUISIANA,Female,1813,1773,1327,73.2,74.8,1142,63.0,64.4,2016
212,LOUISIANA,White alone,2251,2193,1631,72.4,74.4,1368,60.8,62.4,2016
213,LOUISIANA,White non-Hispanic alone,2112,2100,1557,73.7,74.2,1311,62.1,62.5,2016
214,LOUISIANA,Black alone,1062,1054,755,71.1,71.6,646,60.9,61.3,2016
215,LOUISIANA,Asian alone,101,65,26,,,23,,,2016
216,LOUISIANA,Hispanic (of any race),174,121,99,56.7,81.5,82,47.2,67.9,2016
217,LOUISIANA,White alone or in combination,2275,2216,1652,72.6,74.6,1386,60.9,62.5,2016
218,LOUISIANA,Black alone or in combination,1078,1070,771,71.5,72.0,661,61.3,61.8,2016
219,LOUISIANA,Asian alone or in combination,103,67,26,,,23,,,2016
220,MAINE,Total,1058,1038,830,78.5,80.0,754,71.3,72.7,2016
221,MAINE,Male,510,500,388,76.1,77.5,347,68.1,69.3,2016
222,MAINE,Female,548,537,442,80.7,82.3,408,74.3,75.8,2016
223,MAINE,White alone,1001,988,793,79.2,80.3,720,71.9,72.9,2016
224,MAINE,White non-Hispanic alone,982,972,786,80.1,80.9,713,72.6,73.3,2016
225,MAINE,Black alone,13,10,9,,,7,,,2016
226,MAINE,Asian alone,11,8,6,,,5,,,2016
227,MAINE,Hispanic (of any race),20,16,7,,,7,,,2016
228,MAINE,White alone or in combination,1026,1013,811,79.0,80.0,738,71.9,72.8,2016
229,MAINE,Black alone or in combination,17,14,9,,,7,,,2016
230,MAINE,Asian alone or in combination,13,9,7,,,6,,,2016
231,MARYLAND,Total,4623,4158,3114,67.3,74.9,2737,59.2,65.8,2016
232,MARYLAND,Male,2203,1963,1454,66.0,74.1,1253,56.9,63.8,2016
233,MARYLAND,Female,2420,2194,1659,68.6,75.6,1484,61.3,67.6,2016
234,MARYLAND,White alone,2784,2593,1975,70.9,76.2,1727,62.0,66.6,2016
235,MARYLAND,White non-Hispanic alone,2434,2392,1829,75.2,76.5,1605,65.9,67.1,2016
236,MARYLAND,Black alone,1386,1289,954,68.9,74.0,858,61.9,66.6,2016
237,MARYLAND,Asian alone,349,213,147,42.0,69.1,117,33.4,54.9,2016
238,MARYLAND,Hispanic (of any race),450,250,170,37.9,68.2,148,32.8,59.1,2016
239,MARYLAND,White alone or in combination,2820,2629,2002,71.0,76.2,1752,62.1,66.6,2016
240,MARYLAND,Black alone or in combination,1421,1324,984,69.2,74.3,884,62.2,66.8,2016
241,MARYLAND,Asian alone or in combination,349,213,147,42.0,69.1,117,33.4,54.9,2016
242,MASSACHUSETTS,Total,5374,4967,3660,68.1,73.7,3315,61.7,66.7,2016
243,MASSACHUSETTS,Male,2585,2382,1767,68.3,74.2,1599,61.9,67.1,2016
244,MASSACHUSETTS,Female,2788,2585,1893,67.9,73.2,1715,61.5,66.4,2016
245,MASSACHUSETTS,White alone,4464,4260,3229,72.3,75.8,2919,65.4,68.5,2016
246,MASSACHUSETTS,White non-Hispanic alone,4083,3969,3078,75.4,77.5,2789,68.3,70.3,2016
247,MASSACHUSETTS,Black alone,438,368,266,60.8,72.4,242,55.3,65.8,2016
248,MASSACHUSETTS,Asian alone,353,238,128,36.3,53.8,121,34.2,50.8,2016
249,MASSACHUSETTS,Hispanic (of any race),500,397,199,39.8,50.1,177,35.4,44.6,2016
250,MASSACHUSETTS,White alone or in combination,4573,4357,3263,71.4,74.9,2950,64.5,67.7,2016
251,MASSACHUSETTS,Black alone or in combination,513,431,284,55.4,65.9,260,50.7,60.3,2016
252,MASSACHUSETTS,Asian alone or in combination,369,254,133,36.0,52.4,126,34.1,49.5,2016
253,MICHIGAN,Total,7624,7332,5434,71.3,74.1,4713,61.8,64.3,2016
254,MICHIGAN,Male,3650,3473,2540,69.6,73.1,2150,58.9,61.9,2016
255,MICHIGAN,Female,3974,3859,2893,72.8,75.0,2563,64.5,66.4,2016
256,MICHIGAN,White alone,6264,6071,4579,73.1,75.4,3984,63.6,65.6,2016
257,MICHIGAN,White non-Hispanic alone,6006,5890,4498,74.9,76.4,3914,65.2,66.5,2016
258,MICHIGAN,Black alone,1039,1020,708,68.1,69.4,623,59.9,61.0,2016
259,MICHIGAN,Asian alone,182,108,63,34.5,58.3,58,32.0,54.2,2016
260,MICHIGAN,Hispanic (of any race),288,206,101,35.0,49.0,74,25.7,36.0,2016
261,MICHIGAN,White alone or in combination,6365,6167,4648,73.0,75.4,4021,63.2,65.2,2016
262,MICHIGAN,Black alone or in combination,1100,1080,752,68.4,69.6,642,58.4,59.4,2016
263,MICHIGAN,Asian alone or in combination,192,113,63,32.7,55.6,58,30.4,51.7,2016
264,MINNESOTA,Total,4190,3985,3055,72.9,76.7,2738,65.3,68.7,2016
265,MINNESOTA,Male,2063,1952,1457,70.6,74.6,1312,63.6,67.2,2016
266,MINNESOTA,Female,2127,2033,1598,75.1,78.6,1426,67.1,70.2,2016
267,MINNESOTA,White alone,3614,3506,2723,75.4,77.7,2457,68.0,70.1,2016
268,MINNESOTA,White non-Hispanic alone,3425,3405,2680,78.2,78.7,2417,70.6,71.0,2016
269,MINNESOTA,Black alone,193,169,126,65.3,74.7,112,58.0,66.3,2016
270,MINNESOTA,Asian alone,172,124,79,46.1,63.7,64,37.4,51.6,2016
271,MINNESOTA,Hispanic (of any race),255,136,54,21.0,39.6,50,19.4,36.6,2016
272,MINNESOTA,White alone or in combination,3671,3563,2756,75.1,77.4,2489,67.8,69.9,2016
273,MINNESOTA,Black alone or in combination,201,176,134,66.6,75.8,120,59.6,67.7,2016
274,MINNESOTA,Asian alone or in combination,196,148,97,49.8,65.7,82,42.1,55.6,2016
275,MISSISSIPPI,Total,2203,2170,1725,78.3,79.5,1470,66.7,67.7,2016
276,MISSISSIPPI,Male,1026,1010,780,76.0,77.2,657,64.0,65.0,2016
277,MISSISSIPPI,Female,1177,1160,945,80.3,81.5,813,69.1,70.1,2016
278,MISSISSIPPI,White alone,1377,1355,1070,77.7,79.0,918,66.7,67.8,2016
279,MISSISSIPPI,White non-Hispanic alone,1345,1339,1056,78.5,78.8,907,67.4,67.7,2016
280,MISSISSIPPI,Black alone,782,777,632,80.9,81.4,537,68.7,69.1,2016
281,MISSISSIPPI,Asian alone,18,13,8,,,6,,,2016
282,MISSISSIPPI,Hispanic (of any race),41,23,18,,,15,,,2016
283,MISSISSIPPI,White alone or in combination,1394,1371,1081,77.6,78.9,923,66.2,67.3,2016
284,MISSISSIPPI,Black alone or in combination,791,786,639,80.8,81.3,544,68.8,69.2,2016
285,MISSISSIPPI,Asian alone or in combination,22,18,10,,,6,,,2016
286,MISSOURI,Total,4626,4486,3333,72.1,74.3,2906,62.8,64.8,2016
287,MISSOURI,Male,2231,2159,1534,68.8,71.1,1328,59.5,61.5,2016
288,MISSOURI,Female,2395,2328,1799,75.1,77.3,1577,65.9,67.8,2016
289,MISSOURI,White alone,3957,3860,2886,72.9,74.8,2529,63.9,65.5,2016
290,MISSOURI,White non-Hispanic alone,3808,3779,2832,74.4,75.0,2485,65.2,65.8,2016
291,MISSOURI,Black alone,491,491,385,78.4,78.4,325,66.2,66.2,2016
292,MISSOURI,Asian alone,77,34,21,,,21,,,2016
293,MISSOURI,Hispanic (of any race),160,93,59,,,50,,,2016
294,MISSOURI,White alone or in combination,4015,3919,2898,72.2,73.9,2538,63.2,64.8,2016
295,MISSOURI,Black alone or in combination,532,532,414,77.9,77.9,348,65.5,65.5,2016
296,MISSOURI,Asian alone or in combination,81,38,25,,,25,,,2016
297,MONTANA,Total,798,790,581,72.8,73.5,521,65.2,65.9,2016
298,MONTANA,Male,399,396,287,71.9,72.5,256,64.0,64.6,2016
299,MONTANA,Female,399,395,294,73.7,74.4,265,66.5,67.2,2016
300,MONTANA,White alone,738,735,542,73.4,73.8,492,66.7,67.0,2016
301,MONTANA,White non-Hispanic alone,721,718,532,73.8,74.1,483,67.0,67.3,2016
302,MONTANA,Black alone,5,3,2,,,2,,,2016
303,MONTANA,Asian alone,7,5,3,,,2,,,2016
304,MONTANA,Hispanic (of any race),20,19,12,,,11,,,2016
305,MONTANA,White alone or in combination,754,751,554,73.4,73.7,504,66.7,67.1,2016
306,MONTANA,Black alone or in combination,8,5,4,,,4,,,2016
307,MONTANA,Asian alone or in combination,8,7,3,,,3,,,2016
308,NEBRASKA,Total,1407,1336,1008,71.7,75.5,893,63.4,66.8,2016
309,NEBRASKA,Male,696,661,480,68.9,72.6,419,60.2,63.4,2016
310,NEBRASKA,Female,711,676,529,74.3,78.2,474,66.6,70.1,2016
311,NEBRASKA,White alone,1253,1202,927,74.0,77.1,837,66.8,69.6,2016
312,NEBRASKA,White non-Hispanic alone,1150,1138,882,76.7,77.5,800,69.6,70.3,2016
313,NEBRASKA,Black alone,56,52,41,,,30,,,2016
314,NEBRASKA,Asian alone,35,23,12,,,7,,,2016
315,NEBRASKA,Hispanic (of any race),109,65,47,,,37,,,2016
316,NEBRASKA,White alone or in combination,1280,1228,938,73.2,76.3,844,65.9,68.7,2016
317,NEBRASKA,Black alone or in combination,63,58,42,,,31,,,2016
318,NEBRASKA,Asian alone or in combination,35,23,12,,,7,,,2016
319,NEVADA,Total,2234,1975,1371,61.4,69.4,1195,53.5,60.5,2016
320,NEVADA,Male,1098,974,663,60.4,68.0,570,51.9,58.5,2016
321,NEVADA,Female,1136,1001,708,62.4,70.8,625,55.0,62.4,2016
322,NEVADA,White alone,1730,1537,1076,62.2,70.0,948,54.8,61.7,2016
323,NEVADA,White non-Hispanic alone,1275,1236,879,69.0,71.1,781,61.3,63.2,2016
324,NEVADA,Black alone,182,169,122,67.3,72.3,110,60.7,65.1,2016
325,NEVADA,Asian alone,198,163,91,46.0,56.0,72,36.5,44.4,2016
326,NEVADA,Hispanic (of any race),517,346,234,45.3,67.7,196,37.9,56.6,2016
327,NEVADA,White alone or in combination,1775,1581,1109,62.5,70.2,977,55.1,61.8,2016
328,NEVADA,Black alone or in combination,204,191,143,70.2,74.7,128,62.9,67.1,2016
329,NEVADA,Asian alone or in combination,214,178,99,46.2,55.3,78,36.4,43.6,2016
330,NEW HAMPSHIRE,Total,1044,1012,763,73.1,75.4,698,66.9,69.0,2016
331,NEW HAMPSHIRE,Male,509,494,359,70.6,72.7,327,64.3,66.2,2016
332,NEW HAMPSHIRE,Female,535,518,404,75.4,77.9,371,69.3,71.6,2016
333,NEW HAMPSHIRE,White alone,990,973,740,74.7,76.0,677,68.4,69.6,2016
334,NEW HAMPSHIRE,White non-Hispanic alone,976,964,733,75.2,76.1,672,68.9,69.7,2016
335,NEW HAMPSHIRE,Black alone,11,9,5,,,5,,,2016
336,NEW HAMPSHIRE,Asian alone,27,16,9,,,9,,,2016
337,NEW HAMPSHIRE,Hispanic (of any race),19,11,9,,,7,,,2016
338,NEW HAMPSHIRE,White alone or in combination,1002,984,746,74.5,75.9,681,68.0,69.3,2016
339,NEW HAMPSHIRE,Black alone or in combination,16,13,8,,,5,,,2016
340,NEW HAMPSHIRE,Asian alone or in combination,28,17,11,,,11,,,2016
341,NEW JERSEY,Total,6862,5958,4165,60.7,69.9,3665,53.4,61.5,2016
342,NEW JERSEY,Male,3282,2825,1911,58.2,67.6,1668,50.8,59.1,2016
343,NEW JERSEY,Female,3580,3132,2255,63.0,72.0,1997,55.8,63.7,2016
344,NEW JERSEY,White alone,5237,4669,3349,64.0,71.7,2961,56.6,63.4,2016
345,NEW JERSEY,White non-Hispanic alone,4048,3891,2933,72.5,75.4,2604,64.3,66.9,2016
346,NEW JERSEY,Black alone,964,814,550,57.0,67.5,469,48.7,57.6,2016
347,NEW JERSEY,Asian alone,579,399,220,38.0,55.2,211,36.4,52.9,2016
348,NEW JERSEY,Hispanic (of any race),1379,913,486,35.2,53.2,395,28.6,43.2,2016
349,NEW JERSEY,White alone or in combination,5274,4702,3374,64.0,71.7,2982,56.5,63.4,2016
350,NEW JERSEY,Black alone or in combination,977,824,553,56.7,67.2,469,48.0,56.9,2016
351,NEW JERSEY,Asian alone or in combination,602,422,238,39.6,56.4,229,38.0,54.2,2016
352,NEW MEXICO,Total,1547,1396,916,59.2,65.6,765,49.4,54.8,2016
353,NEW MEXICO,Male,749,669,416,55.5,62.1,342,45.7,51.1,2016
354,NEW MEXICO,Female,798,727,500,62.7,68.8,423,53.0,58.2,2016
355,NEW MEXICO,White alone,1183,1053,722,61.1,68.6,620,52.4,58.8,2016
356,NEW MEXICO,White non-Hispanic alone,554,543,420,75.8,77.3,376,67.8,69.2,2016
357,NEW MEXICO,Black alone,42,40,26,,,22,,,2016
358,NEW MEXICO,Asian alone,32,27,16,,,14,,,2016
359,NEW MEXICO,Hispanic (of any race),705,571,340,48.3,59.6,276,39.1,48.2,2016
360,NEW MEXICO,White alone or in combination,1211,1074,738,61.0,68.7,635,52.4,59.1,2016
361,NEW MEXICO,Black alone or in combination,57,51,33,,,28,,,2016
362,NEW MEXICO,Asian alone or in combination,36,31,18,,,16,,,2016
363,NEW YORK,Total,15506,13751,9142,59.0,66.5,7869,50.7,57.2,2016
364,NEW YORK,Male,7389,6513,4225,57.2,64.9,3592,48.6,55.2,2016
365,NEW YORK,Female,8116,7238,4917,60.6,67.9,4277,52.7,59.1,2016
366,NEW YORK,White alone,11101,10159,6997,63.0,68.9,6049,54.5,59.5,2016
367,NEW YORK,White non-Hispanic alone,9270,8870,6264,67.6,70.6,5418,58.4,61.1,2016
368,NEW YORK,Black alone,2610,2321,1570,60.2,67.6,1350,51.7,58.2,2016
369,NEW YORK,Asian alone,1547,1059,430,27.8,40.6,365,23.6,34.5,2016
370,NEW YORK,Hispanic (of any race),2346,1735,1044,44.5,60.2,878,37.4,50.6,2016
371,NEW YORK,White alone or in combination,11193,10241,7040,62.9,68.7,6089,54.4,59.5,2016
372,NEW YORK,Black alone or in combination,2692,2387,1607,59.7,67.3,1374,51.0,57.6,2016
373,NEW YORK,Asian alone or in combination,1561,1073,443,28.4,41.3,379,24.3,35.4,2016
374,NORTH CAROLINA,Total,7631,6960,5194,68.1,74.6,4700,61.6,67.5,2016
375,NORTH CAROLINA,Male,3596,3243,2414,67.1,74.4,2181,60.6,67.2,2016
376,NORTH CAROLINA,Female,4034,3717,2780,68.9,74.8,2519,62.4,67.8,2016
377,NORTH CAROLINA,White alone,5480,4997,3776,68.9,75.6,3412,62.3,68.3,2016
378,NORTH CAROLINA,White non-Hispanic alone,4740,4679,3595,75.8,76.8,3253,68.6,69.5,2016
379,NORTH CAROLINA,Black alone,1625,1582,1191,73.3,75.3,1094,67.3,69.1,2016
380,NORTH CAROLINA,Asian alone,312,211,151,48.4,71.5,124,39.6,58.5,2016
381,NORTH CAROLINA,Hispanic (of any race),804,350,208,25.9,59.6,186,23.1,53.1,2016
382,NORTH CAROLINA,White alone or in combination,5564,5072,3823,68.7,75.4,3453,62.1,68.1,2016
383,NORTH CAROLINA,Black alone or in combination,1685,1633,1223,72.6,74.9,1126,66.8,69.0,2016
384,NORTH CAROLINA,Asian alone or in combination,318,217,156,49.3,72.2,124,38.9,57.0,2016
385,NORTH DAKOTA,Total,583,564,424,72.8,75.2,362,62.1,64.2,2016
386,NORTH DAKOTA,Male,298,288,216,72.6,75.0,182,61.1,63.2,2016
387,NORTH DAKOTA,Female,285,276,208,73.1,75.4,180,63.2,65.2,2016
388,NORTH DAKOTA,White alone,520,515,403,77.5,78.2,348,67.1,67.7,2016
389,NORTH DAKOTA,White non-Hispanic alone,511,508,399,77.9,78.4,345,67.4,67.9,2016
390,NORTH DAKOTA,Black alone,15,9,4,,,3,,,2016
391,NORTH DAKOTA,Asian alone,11,3,2,,,2,,,2016
392,NORTH DAKOTA,Hispanic (of any race),9,7,5,,,4,,,2016
393,NORTH DAKOTA,White alone or in combination,528,523,406,77.0,77.7,351,66.5,67.1,2016
394,NORTH DAKOTA,Black alone or in combination,15,10,4,,,3,,,2016
395,NORTH DAKOTA,Asian alone or in combination,12,4,3,,,2,,,2016
396,OHIO,Total,8811,8499,6128,69.5,72.1,5408,61.4,63.6,2016
397,OHIO,Male,4219,4070,2837,67.2,69.7,2472,58.6,60.7,2016
398,OHIO,Female,4593,4429,3291,71.7,74.3,2936,63.9,66.3,2016
399,OHIO,White alone,7340,7226,5235,71.3,72.4,4642,63.2,64.2,2016
400,OHIO,White non-Hispanic alone,7108,7058,5121,72.0,72.6,4547,64.0,64.4,2016
401,OHIO,Black alone,1031,977,722,70.0,73.9,637,61.8,65.2,2016
402,OHIO,Asian alone,250,118,62,25.0,53.1,55,22.0,46.8,2016
403,OHIO,Hispanic (of any race),277,173,119,43.1,68.9,100,36.2,57.8,2016
404,OHIO,White alone or in combination,7496,7371,5319,71.0,72.2,4696,62.6,63.7,2016
405,OHIO,Black alone or in combination,1127,1072,769,68.3,71.8,662,58.8,61.8,2016
406,OHIO,Asian alone or in combination,262,129,68,25.9,52.5,60,23.1,46.8,2016
407,OKLAHOMA,Total,2923,2746,1861,63.7,67.8,1555,53.2,56.6,2016
408,OKLAHOMA,Male,1417,1330,890,62.8,66.9,735,51.8,55.2,2016
409,OKLAHOMA,Female,1507,1416,971,64.5,68.6,820,54.4,57.9,2016
410,OKLAHOMA,White alone,2289,2158,1470,64.2,68.1,1263,55.2,58.5,2016
411,OKLAHOMA,White non-Hispanic alone,2038,2029,1416,69.5,69.8,1227,60.2,60.5,2016
412,OKLAHOMA,Black alone,198,178,139,70.2,77.8,102,51.7,57.3,2016
413,OKLAHOMA,Asian alone,81,56,37,,,28,,,2016
414,OKLAHOMA,Hispanic (of any race),280,150,68,24.2,45.2,50,17.9,33.4,2016
415,OKLAHOMA,White alone or in combination,2380,2250,1520,63.9,67.6,1300,54.6,57.8,2016
416,OKLAHOMA,Black alone or in combination,214,195,149,69.3,76.2,109,50.7,55.8,2016
417,OKLAHOMA,Asian alone or in combination,87,62,40,,,28,,,2016
418,OREGON,Total,3185,2929,2147,67.4,73.3,1942,61.0,66.3,2016
419,OREGON,Male,1567,1431,1052,67.1,73.5,952,60.7,66.5,2016
420,OREGON,Female,1618,1497,1095,67.7,73.2,990,61.2,66.1,2016
421,OREGON,White alone,2808,2644,1961,69.9,74.2,1790,63.7,67.7,2016
422,OREGON,White non-Hispanic alone,2466,2448,1836,74.4,75.0,1684,68.3,68.8,2016
423,OREGON,Black alone,57,41,28,,,23,,,2016
424,OREGON,Asian alone,145,92,53,,,47,,,2016
425,OREGON,Hispanic (of any race),371,223,142,38.3,63.8,122,32.9,54.9,2016
426,OREGON,White alone or in combination,2907,2737,2030,69.8,74.2,1850,63.6,67.6,2016
427,OREGON,Black alone or in combination,82,65,44,,,37,,,2016
428,OREGON,Asian alone or in combination,172,116,77,44.8,66.4,66,38.3,56.7,2016
429,PENNSYLVANIA,Total,9980,9596,6909,69.2,72.0,6008,60.2,62.6,2016
430,PENNSYLVANIA,Male,4808,4589,3199,66.5,69.7,2793,58.1,60.9,2016
431,PENNSYLVANIA,Female,5172,5007,3709,71.7,74.1,3215,62.2,64.2,2016
432,PENNSYLVANIA,White alone,8435,8203,5916,70.1,72.1,5153,61.1,62.8,2016
433,PENNSYLVANIA,White non-Hispanic alone,8022,7884,5716,71.3,72.5,4991,62.2,63.3,2016
434,PENNSYLVANIA,Black alone,1071,1007,751,70.1,74.5,637,59.5,63.2,2016
435,PENNSYLVANIA,Asian alone,311,223,138,44.4,61.8,135,43.3,60.3,2016
436,PENNSYLVANIA,Hispanic (of any race),544,443,279,51.2,62.9,229,42.1,51.7,2016
437,PENNSYLVANIA,White alone or in combination,8524,8292,5958,69.9,71.9,5190,60.9,62.6,2016
438,PENNSYLVANIA,Black alone or in combination,1152,1088,805,69.9,74.0,692,60.1,63.6,2016
439,PENNSYLVANIA,Asian alone or in combination,325,238,147,45.2,61.8,144,44.2,60.4,2016
440,RHODE ISLAND,Total,836,766,538,64.4,70.3,464,55.5,60.6,2016
441,RHODE ISLAND,Male,404,369,253,62.7,68.6,213,52.8,57.8,2016
442,RHODE ISLAND,Female,432,397,285,66.0,71.8,251,58.1,63.2,2016
443,RHODE ISLAND,White alone,699,664,467,66.7,70.3,403,57.7,60.7,2016
444,RHODE ISLAND,White non-Hispanic alone,599,588,417,69.5,70.9,363,60.5,61.7,2016
445,RHODE ISLAND,Black alone,63,58,42,,,34,,,2016
446,RHODE ISLAND,Asian alone,37,16,9,,,9,,,2016
447,RHODE ISLAND,Hispanic (of any race),132,98,67,,,57,,,2016
448,RHODE ISLAND,White alone or in combination,707,672,472,66.8,70.3,407,57.6,60.6,2016
449,RHODE ISLAND,Black alone or in combination,69,64,47,,,38,,,2016
450,RHODE ISLAND,Asian alone or in combination,39,18,10,,,10,,,2016
451,SOUTH CAROLINA,Total,3733,3598,2575,69.0,71.6,2233,59.8,62.1,2016
452,SOUTH CAROLINA,Male,1774,1709,1145,64.6,67.0,992,55.9,58.0,2016
453,SOUTH CAROLINA,Female,1959,1889,1430,73.0,75.7,1241,63.4,65.7,2016
454,SOUTH CAROLINA,White alone,2621,2516,1760,67.1,70.0,1529,58.3,60.8,2016
455,SOUTH CAROLINA,White non-Hispanic alone,2477,2459,1736,70.1,70.6,1513,61.1,61.5,2016
456,SOUTH CAROLINA,Black alone,975,964,720,73.8,74.6,628,64.4,65.2,2016
457,SOUTH CAROLINA,Asian alone,62,48,35,,,29,,,2016
458,SOUTH CAROLINA,Hispanic (of any race),175,76,39,,,31,,,2016
459,SOUTH CAROLINA,White alone or in combination,2662,2557,1795,67.4,70.2,1554,58.4,60.8,2016
460,SOUTH CAROLINA,Black alone or in combination,997,986,735,73.8,74.6,640,64.3,65.0,2016
461,SOUTH CAROLINA,Asian alone or in combination,62,48,35,,,29,,,2016
462,SOUTH DAKOTA,Total,631,612,437,69.3,71.4,362,57.3,59.1,2016
463,SOUTH DAKOTA,Male,314,304,213,68.0,70.3,171,54.6,56.5,2016
464,SOUTH DAKOTA,Female,318,309,224,70.6,72.6,191,60.0,61.7,2016
465,SOUTH DAKOTA,White alone,560,551,406,72.5,73.6,340,60.7,61.6,2016
466,SOUTH DAKOTA,White non-Hispanic alone,546,543,402,73.6,74.0,336,61.6,61.9,2016
467,SOUTH DAKOTA,Black alone,11,8,4,,,3,,,2016
468,SOUTH DAKOTA,Asian alone,9,2,0,,,0,,,2016
469,SOUTH DAKOTA,Hispanic (of any race),21,15,8,,,7,,,2016
470,SOUTH DAKOTA,White alone or in combination,565,557,410,72.6,73.7,343,60.7,61.6,2016
471,SOUTH DAKOTA,Black alone or in combination,12,9,6,,,5,,,2016
472,SOUTH DAKOTA,Asian alone or in combination,9,2,0,,,0,,,2016
473,TENNESSEE,Total,5057,4872,3251,64.3,66.7,2630,52.0,54.0,2016
474,TENNESSEE,Male,2418,2316,1505,62.2,65.0,1218,50.4,52.6,2016
475,TENNESSEE,Female,2639,2556,1746,66.2,68.3,1412,53.5,55.3,2016
476,TENNESSEE,White alone,4014,3893,2640,65.8,67.8,2176,54.2,55.9,2016
477,TENNESSEE,White non-Hispanic alone,3808,3783,2601,68.3,68.7,2148,56.4,56.8,2016
478,TENNESSEE,Black alone,814,800,519,63.8,64.9,402,49.4,50.3,2016
479,TENNESSEE,Asian alone,132,82,42,,,29,,,2016
480,TENNESSEE,Hispanic (of any race),221,125,40,18.0,31.8,27,12.3,21.7,2016
481,TENNESSEE,White alone or in combination,4093,3972,2679,65.5,67.4,2199,53.7,55.4,2016
482,TENNESSEE,Black alone or in combination,828,814,525,63.4,64.5,404,48.8,49.7,2016
483,TENNESSEE,Asian alone or in combination,148,98,48,,,32,,,2016
484,TEXAS,Total,20172,17378,11724,58.1,67.5,9626,47.7,55.4,2016
485,TEXAS,Male,9775,8325,5479,56.0,65.8,4465,45.7,53.6,2016
486,TEXAS,Female,10397,9053,6245,60.1,69.0,5162,49.6,57.0,2016
487,TEXAS,White alone,16095,13909,9306,57.8,66.9,7700,47.8,55.4,2016
488,TEXAS,White non-Hispanic alone,9534,9383,6822,71.6,72.7,5905,61.9,62.9,2016
489,TEXAS,Black alone,2458,2358,1724,70.2,73.1,1349,54.9,57.2,2016
490,TEXAS,Asian alone,1110,715,418,37.7,58.5,338,30.4,47.3,2016
491,TEXAS,Hispanic (of any race),6923,4781,2654,38.3,55.5,1938,28.0,40.5,2016
492,TEXAS,White alone or in combination,16291,14101,9436,57.9,66.9,7807,47.9,55.4,2016
493,TEXAS,Black alone or in combination,2576,2473,1812,70.3,73.3,1417,55.0,57.3,2016
494,TEXAS,Asian alone or in combination,1135,736,440,38.7,59.7,356,31.3,48.3,2016
495,UTAH,Total,2096,1969,1398,66.7,71.0,1234,58.9,62.7,2016
496,UTAH,Male,1043,983,700,67.1,71.3,613,58.7,62.4,2016
497,UTAH,Female,1053,986,698,66.3,70.8,621,59.0,63.0,2016
498,UTAH,White alone,1955,1852,1339,68.5,72.3,1181,60.4,63.8,2016
499,UTAH,White non-Hispanic alone,1737,1731,1265,72.8,73.0,1115,64.2,64.4,2016
500,UTAH,Black alone,20,16,8,,,7,,,2016
501,UTAH,Asian alone,44,27,19,,,19,,,2016
502,UTAH,Hispanic (of any race),245,148,94,38.5,63.8,86,35.0,58.1,2016
503,UTAH,White alone or in combination,1977,1874,1348,68.2,71.9,1190,60.2,63.5,2016
504,UTAH,Black alone or in combination,32,27,13,,,12,,,2016
505,UTAH,Asian alone or in combination,49,32,19,,,19,,,2016
506,VERMONT,Total,500,488,351,70.2,71.9,305,61.0,62.5,2016
507,VERMONT,Male,246,241,166,67.6,69.0,144,58.4,59.7,2016
508,VERMONT,Female,254,248,185,72.8,74.7,161,63.6,65.2,2016
509,VERMONT,White alone,468,464,339,72.5,73.0,293,62.7,63.2,2016
510,VERMONT,White non-Hispanic alone,464,460,336,72.4,73.0,290,62.6,63.1,2016
511,VERMONT,Black alone,5,4,2,,,1,,,2016
512,VERMONT,Asian alone,13,7,4,,,4,,,2016
513,VERMONT,Hispanic (of any race),5,4,3,,,3,,,2016
514,VERMONT,White alone or in combination,479,476,344,71.8,72.3,298,62.3,62.8,2016
515,VERMONT,Black alone or in combination,7,6,3,,,2,,,2016
516,VERMONT,Asian alone or in combination,15,9,5,,,5,,,2016
517,VIRGINIA,Total,6343,5829,4399,69.4,75.5,3973,62.6,68.2,2016
518,VIRGINIA,Male,3026,2778,2023,66.9,72.8,1806,59.7,65.0,2016
519,VIRGINIA,Female,3317,3052,2376,71.6,77.9,2168,65.3,71.0,2016
520,VIRGINIA,White alone,4459,4172,3218,72.2,77.1,2891,64.8,69.3,2016
521,VIRGINIA,White non-Hispanic alone,3976,3885,3009,75.7,77.5,2702,68.0,69.6,2016
522,VIRGINIA,Black alone,1189,1136,817,68.7,71.9,738,62.0,64.9,2016
523,VIRGINIA,Asian alone,462,300,219,47.4,73.0,210,45.4,69.9,2016
524,VIRGINIA,Hispanic (of any race),606,342,240,39.5,70.1,219,36.2,64.2,2016
525,VIRGINIA,White alone or in combination,4571,4285,3298,72.1,77.0,2967,64.9,69.2,2016
526,VIRGINIA,Black alone or in combination,1256,1203,851,67.8,70.8,768,61.2,63.9,2016
527,VIRGINIA,Asian alone or in combination,513,351,261,50.9,74.3,251,49.1,71.7,2016
528,WASHINGTON,Total,5592,5104,3906,69.9,76.5,3382,60.5,66.3,2016
529,WASHINGTON,Male,2765,2497,1852,67.0,74.2,1525,55.2,61.1,2016
530,WASHINGTON,Female,2827,2607,2055,72.7,78.8,1857,65.7,71.2,2016
531,WASHINGTON,White alone,4628,4353,3403,73.5,78.2,3027,65.4,69.5,2016
532,WASHINGTON,White non-Hispanic alone,4059,3965,3164,77.9,79.8,2842,70.0,71.7,2016
533,WASHINGTON,Black alone,201,184,116,57.7,63.2,78,38.8,42.6,2016
534,WASHINGTON,Asian alone,426,239,190,44.6,79.6,165,38.7,69.0,2016
535,WASHINGTON,Hispanic (of any race),656,465,292,44.6,62.9,219,33.4,47.2,2016
536,WASHINGTON,White alone or in combination,4775,4500,3503,73.4,77.8,3093,64.8,68.7,2016
537,WASHINGTON,Black alone or in combination,239,222,137,57.4,61.9,85,35.5,38.3,2016
538,WASHINGTON,Asian alone or in combination,470,283,224,47.7,79.4,188,40.1,66.7,2016
539,WEST VIRGINIA,Total,1434,1425,913,63.6,64.1,723,50.4,50.8,2016
540,WEST VIRGINIA,Male,695,688,428,61.5,62.1,335,48.2,48.7,2016
541,WEST VIRGINIA,Female,739,736,485,65.6,65.9,388,52.5,52.7,2016
542,WEST VIRGINIA,White alone,1350,1347,865,64.0,64.2,682,50.5,50.7,2016
543,WEST VIRGINIA,White non-Hispanic alone,1340,1339,860,64.2,64.2,679,50.7,50.7,2016
544,WEST VIRGINIA,Black alone,48,47,27,,,24,,,2016
545,WEST VIRGINIA,Asian alone,10,7,4,,,3,,,2016
546,WEST VIRGINIA,Hispanic (of any race),13,9,4,,,3,,,2016
547,WEST VIRGINIA,White alone or in combination,1371,1368,880,64.2,64.3,695,50.7,50.8,2016
548,WEST VIRGINIA,Black alone or in combination,55,55,30,,,25,,,2016
549,WEST VIRGINIA,Asian alone or in combination,14,11,8,,,6,,,2016
550,WISCONSIN,Total,4465,4354,3323,74.4,76.3,3068,68.7,70.5,2016
551,WISCONSIN,Male,2193,2132,1584,72.2,74.3,1468,66.9,68.8,2016
552,WISCONSIN,Female,2272,2222,1739,76.5,78.3,1600,70.4,72.0,2016
553,WISCONSIN,White alone,4079,3998,3130,76.7,78.3,2897,71.0,72.5,2016
554,WISCONSIN,White non-Hispanic alone,3792,3776,3009,79.4,79.7,2796,73.7,74.0,2016
555,WISCONSIN,Black alone,205,197,101,49.3,51.2,92,45.1,46.8,2016
556,WISCONSIN,Asian alone,118,95,50,,,45,,,2016
557,WISCONSIN,Hispanic (of any race),329,260,136,41.2,52.1,111,33.8,42.8,2016
558,WISCONSIN,White alone or in combination,4129,4049,3165,76.6,78.2,2923,70.8,72.2,2016
559,WISCONSIN,Black alone or in combination,241,233,122,50.5,52.2,104,43.4,44.8,2016
560,WISCONSIN,Asian alone or in combination,129,106,62,48.0,58.3,57,43.8,53.3,2016
561,WYOMING,Total,436,427,304,69.7,71.1,277,63.5,64.8,2016
562,WYOMING,Male,223,218,154,69.1,70.6,139,62.4,63.7,2016
563,WYOMING,Female,213,209,150,70.3,71.7,138,64.7,66.0,2016
564,WYOMING,White alone,405,399,284,70.2,71.2,260,64.3,65.3,2016
565,WYOMING,White non-Hispanic alone,374,373,270,72.2,72.3,249,66.6,66.8,2016
566,WYOMING,Black alone,5,5,4,,,3,,,2016
567,WYOMING,Asian alone,6,4,3,,,3,,,2016
568,WYOMING,Hispanic (of any race),32,26,15,,,12,,,2016
569,WYOMING,White alone or in combination,409,404,289,70.5,71.6,264,64.6,65.5,2016
570,WYOMING,Black alone or in combination,6,6,6,,,4,,,2016
571,WYOMING,Asian alone or in combination,7,4,3,,,3,,,2016
